Mode,MNLC,MASC,Station,Coverage,Source,Monday_Entry,Midweek_Entry,Friday_Entry,Saturday_Entry,Sunday_Entry,Monday_Exit,Midweek_Exit,Friday_Exit,Saturday_Exit,Sunday_Exit,Weekly_EntryExit,TwelveWeek_EntryExit,Annualised_EntryExit
DLR,504,STId,Stratford International DLR,Station entry/exit,apc,5868.40333333333,6389.53875,6495.048,5910.77199999999,4192.195,5330.87333333333,5643.575,5846.87599999999,5537.58799999999,3999.0125,79280.1094166666,925021.602603838,3739316.15014682
DLR,523,KGVd,King George V,Station entry/exit,apc,2436.60666666666,2555.76999999999,2595.6525,1928.73799999999,1412.425,2536.24,2589.37,2588.54749999999,1960.098,1486.16999999999,32379.8976666666,377801.002699822,1527226.37715752
DLR,533,LCAd,London City Airport,Station entry/exit,apc,5541.9,5621.13999999999,6000.93199999999,2046.632,3306.92833333333,6036.14666666666,5856.75999999999,6121.86399999999,2168.544,3646.41666666666,69303.0636666666,808611.787874488,3268740.00465167
DLR,538,PDKd,Pontoon Dock,Station entry/exit,apc,3632.62432094686,4096.38831781128,3835.0276316862,3768.25059340638,2523.14477855224,3789.78868856316,4182.59794971894,3855.9810475746,3663.97513433414,2638.39819567696,52544.1491933312,613072.729741372,2478291.05080729
DLR,559,WSId,West Silvertown,Station entry/exit,apc,3335.43,3622.92,3573.08,3498.76333333333,2375.52,3125.955,3379.18,3279.864,3480.14333333333,2087.72666666666,45762.7823333333,533949.341960563,2158441.91328415
DLR,573,WOAd,Woolwich Arsenal,Boarding/alighting,apc,9041.505,9395.91214285714,9608.2525,7658.26,5716.2225,9322.68333333333,9769.49285714285,9841.05833333333,7831.08333333333,6326.64999999999,122841.93,1433290.64240242,5793947.76500699
DLR,749,SHSd,Stratford High Street,Station entry/exit,apc,1837.49999999999,1865.79749999999,1698.34,1076.69333333333,892.044999999999,1828.02666666666,1899.3625,1798.3,1196.08999999999,933.45,22555.9249999999,263177.208573903,1063870.05838654
DLR,750,ABRd,Abbey Road,Station entry/exit,apc,2132.774,2205.0,2167.26999999999,1637.384,1265.01666666666,2123.562,2146.52666666666,2107.36749999999,1631.99399999999,1280.53333333333,27400.4815,319702.350258341,1292367.83032504
DLR,842,CAWd,Canary Wharf DLR,Station entry/exit,apc,15310.6379999999,17824.142,15268.694,13856.024,10115.1516666666,16022.2159999999,18502.0569999999,16323.762,14857.388,10500.6183333333,221233.088999999,2581295.46038134,10434653.3920229
DLR,850,ALSd,All Saints,Station entry/exit,apc,2667.64166666666,2780.17833333333,2666.58,2270.41499999999,1525.12499999999,2614.88499999999,2754.37166666666,2598.22499999999,2182.33749999999,1526.83999999999,34655.6991666666,404354.517398878,1634566.55827096
DLR,851,BOCd,Bow Church,Station entry/exit,apc,5100.01799999999,5480.895,5480.65,4050.34,3139.18499999999,3668.63,3863.60099999999,4016.52999999999,3154.9875,2597.245,59241.0735,691210.8617426,2794157.38096869
DLR,853,LAPd,Langdon Park,Station entry/exit,apc,5491.72399999999,5713.05,5596.045,4338.0925,3486.595,5380.396,5516.56,5500.495,4498.935,3376.83499999999,71357.9475,832587.687386492,3365660.4095451
DLR,854,CROd,Crossharbour,Station entry/exit,apc,4702.18,5022.66333333333,4965.49666666666,4013.394,2909.86499999999,4693.84999999999,4987.32888888889,4719.67999999999,3812.298,2920.88999999999,62767.6303333333,732357.894430193,2960490.53840656
DLR,855,HEQd,Heron Quays,Station entry/exit,apc,6909.49,7752.388,7170.53749999999,4927.43999999999,4580.52,7732.69,8782.564,8192.8,5588.94,4913.71999999999,99620.9935,1162354.23662248,4698711.85381979
DLR,856,ISGd,Island Gardens,Station entry/exit,apc,3715.67,4006.24,3996.76666666666,3783.53499999999,3014.11249999999,3556.61599999999,3644.34,3598.56,3189.655,2619.54,50426.1951666666,588360.942101297,2378395.88472531
DLR,857,MUDd,Mudchute,Station entry/exit,apc,2375.16999999999,2642.81499999999,2523.108,2265.172,1776.15199999999,2300.47999999999,2420.9675,2317.7,2221.46399999999,1874.544,32845.1375,383229.311255293,1549169.82344279
DLR,858,POPd,Poplar,Station entry/exit,apc,2383.5270758965,2545.05655823511,2238.51176844783,1625.16839378238,1130.69611476389,2495.11633602743,2588.49562480511,2316.10530149315,1859.5115321252,1242.64877453698,30691.941846194,358106.332628519,1447612.45499383
DLR,859,PMLd,Pudding Mill Lane,Station entry/exit,apc,2063.88,3990.55999999999,3989.43999999999,4658.92,4091.07125,2224.92666666666,4008.8125,3977.68,4293.18399999999,4012.73249999999,53309.9519166666,622007.935149516,2514410.8103821
DLR,860,SHAd,Shadwell DLR,Station entry/exit,apc,8479.94,9257.40666666666,8907.80799999999,6896.16199999999,4836.05499999999,8568.79333333333,9358.91833333333,8966.80399999999,6819.62399999999,4860.065,114184.226333333,1332274.5996707,5385599.55027627
DLR,861,SOQd,South Quay,Station entry/exit,apc,6214.36375,6852.82818181818,6075.51,4218.60599999999,3288.14499999999,6366.26374999999,7135.24636363636,6124.26499999999,4109.336,3318.1575,81678.8706363636,953009.782287677,3852455.83468001
DLR,862,LIMd,Limehouse DLR,Station entry/exit,apc,9219.83999999999,10196.8999999999,9774.81399999999,7198.1,4891.67,12815.46,15213.3566666666,14386.89,10148.0633333333,6732.23249999999,151397.839833333,1766474.25771524,7140812.38978603
DLR,864,TOGd,Tower Gateway,Station entry/exit,apc,3669.904,4248.545,3755.85,3362.38,2522.76499999999,4220.272,4945.01874999999,4297.6675,3893.04999999999,2948.81999999999,56251.39975,656328.054140089,2653146.7867692
DLR,865,WESd,Westferry,Station entry/exit,apc,6049.04999999999,6592.56888888888,6455.45599999999,5930.37199999999,4264.46999999999,6103.195,6519.06888888888,6337.46399999999,5769.456,4242.665,84487.0413333333,985774.855111226,3984905.67760796
DLR,866,WIQd,West India Quay,Station entry/exit,apc,3293.094,3744.09,4339.43999999999,4442.585,3154.13,3273.004,3582.06333333333,4032.20999999999,4026.08499999999,2681.89249999999,51220.9005,597633.376340437,2415878.86134335
DLR,867,DERd,Devons Road,Station entry/exit,apc,3551.79999999999,3845.46555555555,3879.49333333333,2904.23,2302.01999999999,3479.84,3710.49777777777,3621.91666666666,2765.72333333333,2225.41666666666,47398.3299999999,553032.526064203,2235583.9587392
DLR,882,BLAd,Blackwall,Station entry/exit,apc,1946.1575,2092.13666666666,2033.59799999999,1718.136,1114.26,2191.77,2345.30333333333,2252.72599999999,1826.22999999999,1153.06799999999,27548.2655,321426.659085928,1299338.19277785
DLR,883,EAId,East India,Station entry/exit,apc,6734.462,7347.22333333333,6726.23,3711.99499999999,2449.59166666666,7022.67999999999,7744.94,7020.81799999999,3771.03999999999,2424.76499999999,85138.0716666666,993370.923364849,4015612.0963753
DLR,886,ROVd,Royal Victoria,Station entry/exit,apc,3358.16599999999,3504.56166666666,3590.475,4102.86799999999,2729.00599999999,2802.8,2967.52166666666,3028.0775,3287.11599999999,2182.45999999999,44497.2185,519183.041889573,2098750.48102144
DLR,887,CUHd,Custom House DLR,Station entry/exit,apc,6545.665,8021.05499999999,7243.83333333333,6298.13333333333,4538.52,4257.12,5432.2625,4509.30666666666,3882.76,2979.9,80615.1908333333,940599.017427537,3802286.4404231
DLR,888,PRRd,Prince Regent,Station entry/exit,apc,1588.33499999999,1717.744,1840.44,1504.79,1207.68666666666,1790.70499999999,1831.424,1862.97999999999,1702.015,1141.53666666666,23285.9923333333,271695.461886843,1098304.32683438
DLR,889,STLd,Star Lane,Station entry/exit,apc,2046.24,2263.31,2015.37,1587.012,1038.60399999999,2162.86,2305.28666666666,2213.33,1733.424,1116.41599999999,27619.046,322252.509252191,1302676.61736774
DLR,890,ROAd,Royal Albert,Station entry/exit,apc,1807.77333333333,1919.085,1910.34666666666,1740.80666666666,1425.57333333333,2016.83999999999,2010.47,2120.72,1901.85333333333,1318.75333333333,26031.3316666666,303727.433190826,1227790.67318658
DLR,891,BEPd,Beckton Park,Station entry/exit,apc,670.646666666666,726.016666666666,735.98,551.74,382.48,664.93,729.61,741.859999999999,534.59,384.999999999999,9034.10666666666,105407.824085788,426101.593569623
DLR,893,CYPd,Cyprus,Station entry/exit,apc,3856.888,3481.205,2695.0,851.479999999999,584.733333333333,4951.156,4357.48833333333,3221.01499999999,963.339999999999,714.419999999999,41354.1123333333,482510.021067117,1950503.1118248
DLR,894,GARd,Gallions Reach,Station entry/exit,apc,2447.18249999999,2700.88,2668.344,2189.74,1544.725,2627.25749999999,2927.995,2733.808,2288.3,1655.95499999999,35041.937,408861.049266771,1652783.80568154
DLR,895,BECd,Beckton,Station entry/exit,apc,2554.37,2700.06333333333,2765.56,1780.856,1264.56749999999,2769.15333333333,2778.05499999999,2813.58,1841.22399999999,1280.73749999999,33504.4033333333,390921.469378926,1580264.67681726
DLR,897,DEBd,Deptford Bridge,Station entry/exit,taps,4367.26719542497,4341.60028706174,4494.18902139401,4156.95432100258,2882.75690128156,4453.01348388244,4452.50307847835,4373.21552611463,3988.95157893401,2883.51337688338,57982.1715015378,676522.290388361,2734780.16001203
DLR,898,ELRd,Elverson Road,Station entry/exit,apc,1969.52,2093.15749999999,2087.59599999999,1693.34199999999,1359.58666666666,1973.44,2025.415,2017.91799999999,1624.742,1465.59,26547.4521666666,309749.405354582,1252133.95090494
DLR,928,GREd,Greenwich,Boarding/alighting,apc,21112.64,23391.456,22730.6999999999,19659.888,16908.2,24816.96,25268.256,24430.68,21077.5679999999,18634.8,315350.572,3679436.03559348,14873787.3284234
DLR,940,LEWd,Lewisham DLR,Station entry/exit,apc,10262.8211416834,11139.6538357923,10141.2216548635,8204.91904071329,6173.82210885298,9954.81269970491,10514.0771210966,9757.71713158525,7857.56551090601,5891.44851837239,133205.520677348,1554210.57210014,6282755.64227229
EZL,3000,AMLr,Acton Main Line,Station entry/exit,taps,5151.6388411385,5955.94878783839,5821.55045943899,5245.234138307,3198.98729534849,5165.9762316675,5769.5035190752,5007.173533425,5068.286223406,3284.530517075,73119.7341605472,856154.888667076,3466685.54790999
EZL,3147,MAIr,Maidenhead,Station entry/exit,taps,8587.33862423331,8196.04775671476,6751.56305969407,7307.51526261252,4867.78586781086,8672.9047680868,8306.22217945802,7516.83185128968,6316.74794928103,5248.78834388108,104776.285535407,1226819.68291288,4967556.82989438
EZL,3149,RDGr,Reading,Boarding/alighting,lw,4940.83333333333,5436.39999999999,5437.59999999999,4243.83333333333,3763.0,6600.5,7127.5,7023.0,5766.16666666666,4311.2,79777.8333333333,934114.200492456,3782353.21880399
EZL,3151,TAPr,Taplow,Station entry/exit,taps,794.677947577536,974.72071962515,848.766638742724,758.02457739791,585.819267050641,677.625439791624,936.424323678054,826.053191995003,686.901051760816,566.596922761773,11477.9001669876,134394.092817987,544179.640230682
EZL,3155,TWYr,Twyford,Station entry/exit,taps,2461.2509309805,3435.81533800309,2660.9526752297,2259.01434209848,1944.68362138543,1770.42765817838,2340.47443497547,1509.32743173591,1253.84704252125,1028.79666388657,32217.1696849519,377229.042767377,1527450.80139595
EZL,3170,IVRr,Iver,Station entry/exit,taps,664.136003272349,763.493712685602,633.02673084328,538.599430457386,284.446862817032,668.913925866929,670.939069950269,559.242360350025,515.234864593942,275.53198046398,8442.43050657253,98851.9478826842,400264.746068524
EZL,3171,LNYr,Langley,Station entry/exit,taps,2364.29211727884,2485.07692263475,2005.16603498297,1556.27102914476,919.979478209356,2231.03900384881,2587.06889386391,2008.57725227852,1411.78530720894,972.423426679055,28685.9710991272,335882.435496213,1360032.86361461
EZL,3172,SLOr,Slough,Station entry/exit,taps,9584.89042597638,10207.6370280663,9119.40977942386,7801.80306366222,5801.71459960769,9193.1799655322,10109.0608198117,9007.70708710124,7900.85716744804,5465.46943311136,124825.125065497,1461570.42664642,5918093.95983965
EZL,3174,WDTr,West Drayton,Station entry/exit,taps,6968.20974126579,7232.41599467536,7166.1650398946,5863.6364317555,3525.13812787509,6721.45648134541,6870.26907986736,6353.54024117276,5399.18142656415,3392.71596891496,87698.0986824165,1026852.14567247,4157861.55094579
EZL,3176,BNMr,Burnham,Station entry/exit,taps,3037.49200856372,3445.57750568932,3089.86965249402,2306.75059104879,1244.1295568506,2984.15842605712,3257.70836057776,3089.09612321582,2182.81510810405,1215.51082249734,39259.6798876327,459689.401899347,1861343.81428678
EZL,3186,HAYr,Hayes & Harlington,Station entry/exit,taps,14587.3907497523,15000.5556786178,14976.4670671541,12641.5673413925,8496.83832652922,13194.6786229646,14753.7211293793,14702.4216901951,12343.1320582905,7843.211022345,188048.537302615,2201849.83392891,8915584.19976222
EZL,3187,STLr,Southall,Station entry/exit,taps,12761.3026862092,13937.06900736,12942.8217224086,11753.4411928999,8475.299988276,13473.3439044629,14270.8193759603,13066.7957753816,11026.4930440504,7643.26000220014,175766.42346585,2058039.24811053,8333275.9210941
EZL,3188,WEAr,West Ealing,Station entry/exit,taps,4427.40005615117,5348.07170163906,4872.86804777831,4309.63453964765,2309.42404589477,4087.46545106577,4740.08454628496,4191.55238559418,3975.8707934009,2602.34459526597,61041.0286585708,714725.999694627,2894021.07802525
EZL,3191,HANr,Hanwell,Station entry/exit,taps,3577.8912506169,4380.72501274101,3776.07947597854,3332.8523598016,1673.25381267781,3333.37814766233,3703.19922519537,3050.27912649238,2607.09319009207,1587.28012362165,47189.8802007524,552543.675019093,2237323.17380088
EZL,5131,ABWr,Abbey Wood,Boarding/alighting,lw,26215.6666666666,29339.1999999999,26230.75,20523.3333333333,13852.3333333333,30073.8333333333,33057.3999999999,29550.5,22709.6666666666,16273.3333333333,372619.216666666,4362977.62325009,17666279.3994245
EZL,6560,CWXr,Canary Wharf EL,Station entry/exit,taps,28244.0914285714,35003.68,27500.39,22652.976,14697.792,29514.8657142857,35365.44,27762.02,24100.968,15990.948,401571.411142857,4701977.2534184,19038934.2008015
EZL,6561,CUSr,Custom House EL,Station entry/exit,taps,12826.0919999999,17145.8939999999,14772.1499999999,14728.46,8858.088,13366.896,17127.738,14793.0599999999,14978.6999999999,8354.208,205498.55,2406171.05924088,9742908.14347411
EZL,6562,WWCr,Woolwich EL,Station entry/exit,taps,21196.7343003687,24153.2240897441,22610.6199959127,20367.787263289,14221.3334596664,21086.7351017843,23714.3418872281,21203.6867732959,19008.2853268945,13337.8074941608,296635.687646289,3473290.72031174,14063818.2450147
EZL,6872,BREr,Brentwood,Station entry/exit,taps,6108.34821551973,6592.74558799202,6092.75552893437,4200.6270392804,2297.96957161422,5946.49001449343,6241.22360908457,5753.06047087003,3908.09510840812,2216.17770568435,75025.4312460344,878468.589541262,3557036.70441785
EZL,6874,CTHr,Chadwell Heath,Station entry/exit,taps,7857.83333333333,8473.4,8034.25,6156.5,4037.6,7618.66666666666,8136.3,7541.5,5565.5,3872.8,100513.75,1176909.89209302,4765465.41766898
EZL,6876,FOGr,Forest Gate,Station entry/exit,taps,9653.0,10597.0999999999,10382.4999999999,8189.25,5776.4,9524.57142857143,10331.3,9786.66666666666,7709.5,5663.8,129470.888095238,1515967.406821,6138354.60136298
EZL,6877,GDPr,Gidea Park,Station entry/exit,taps,4857.2,5644.71428571428,4856.39999999999,3600.5,2047.16666666666,4518.79999999999,5299.42857142857,4456.2,3222.25,2044.99999999999,62435.9452380952,731059.000115831,2960155.57922789
EZL,6878,GMYr,Goodmayes,Station entry/exit,taps,7282.59999999999,7653.0,7341.75,5354.2,3735.99999999999,7238.2,7596.11111111111,7130.0,4971.59999999999,3657.2,92458.8833333333,1082595.90759348,4383575.49172418
EZL,6879,HROr,Harold Wood,Station entry/exit,taps,6399.79999999999,7044.71428571428,6619.79999999999,4385.8,2511.33333333333,6174.19999999999,6816.28571428571,6240.4,4057.6,2342.5,80314.4333333333,940397.219960908,3807794.00420023
EZL,6881,IFDr,Ilford,Station entry/exit,taps,17987.6827536529,19088.8095497009,19021.0472177538,16135.0053098848,11735.8255305794,18356.2037657322,19797.3657598571,18740.3825192329,15640.1289258455,11382.7084073181,245657.510358674,2876390.08601378,11646887.815895
EZL,6883,MNPr,Manor Park,Station entry/exit,taps,6591.83333333333,7484.0,7051.0,5728.5,4161.0,6376.0,6929.25,6592.66666666666,5203.0,3949.5,88893.25,1040846.10578451,4214524.96538238
EZL,6886,RMFr,Romford,Station entry/exit,taps,15780.25,17535.5555555555,16778.0,13522.0,8040.33333333333,16814.25,18506.4444444444,17487.5,13753.6666666666,8482.33333333333,218784.333333333,2561733.55520988,10372801.4766911
EZL,6888,SNFr,Shenfield,Boarding/alighting,lw,15571.1448197115,15843.767605311257,14800.3520112179,7416.200485829961,3866.7999999999897,15966.720439117265,16606.38869866661,17235.732748581217,13190.748319513077,5052.39999999999,190450.56773590518,2229975.0742870457,9029467.05620755
EZL,6893,SVKr,Seven Kings,Station entry/exit,taps,6919.75,7294.33333333333,7072.79999999999,5293.5,3729.75,6392.25,6736.88888888888,6326.59999999999,4600.0,3474.75,85903.0666666666,1005834.21592694,4072757.14488528
EZL,6965,LSTr,Liverpool Street NR,Boarding/alighting,lw,23681.3184778721,28216.7745828852,23409.5258783088,18092.6235515317,12565.9684087963,22893.7652368396,27200.843073704,23169.1830175382,17530.8,16641.2041652749,324237.241705929,3796475.77718138,15372437.7258831
EZL,6970,MYLr,Maryland,Station entry/exit,taps,6720.0,7353.77777777777,7165.83333333333,5623.8,3946.25,6409.16666666666,6882.11111111111,6449.66666666666,4890.6,3784.5,87697.4833333333,1026844.94058437,4157832.37658133
EZL,7090,HXXr,Heathrow Terminals 2 & 3 EL,Station entry/exit,taps,22391.5214476027,18527.6463979562,21002.7170268666,19704.2062900638,20574.2073243886,19501.3094684398,17763.6143834659,20008.4225386421,20338.6648700167,19984.3987701665,272379.230080453,3189273.21169857,12913793.4008004
EZL,7091,HAFr,Heathrow Terminal 4 EL,Station entry/exit,taps,7092.6775152511,6622.34615426464,6863.03672415303,7245.66607149055,7967.90765430227,6222.69556692207,6166.35124123718,5787.72401864097,6690.78802863917,6966.46322628105,93203.0509921857,1091309.32520131,4418857.28394871
EZL,9846,HWVr,Heathrow Terminal 5 EL,Station entry/exit,taps,16750.1180353799,15068.2620916295,16410.0858896718,12007.662068009,12881.8750821915,14609.9120189852,13267.7389327189,18530.034797657,15498.7090031971,12038.0426167821,203734.442584919,2385515.22391961,9659269.9061223
LO,618,OLYu,Kensington (Olympia),Station entry/exit,taps,3750.08315025,3847.091565788,3885.681592737,3428.72080280399,2202.510789026,3779.43715071999,4161.774116604,3823.156919876,3526.84165674133,2052.9619692525,50475.9910785828,595374.213618494,2426096.18797258
LO,1022,HGGr,Haggerston,Station entry/exit,taps,4302.0,5248.99999999999,5034.19999999999,4544.16666666666,3172.75,4291.19999999999,5240.28571428571,5026.99999999999,4727.49999999999,3333.25,65899.9238095238,777302.524967391,3167437.63768924
LO,1023,HOXr,Hoxton,Station entry/exit,taps,4830.85714285714,6010.42857142857,5546.0,5223.57142857143,4030.57142857142,4953.28571428571,6200.42857142857,5800.25,5765.14285714285,4725.14285714285,77507.3928571428,914214.898724813,3725343.204409
LO,1024,SDCr,Shoreditch High Street,Station entry/exit,taps,8278.3766202023,10751.3859014602,9499.44304430483,10719.6112634741,6907.59145136028,8540.89316840297,11444.8171080217,10844.5162128557,12683.4539061662,6977.34063430513,141039.835329517,1663592.51703376,6778989.36768794
LO,1039,ROEr,Rotherhithe,Station entry/exit,taps,2182.6,2550.5,2594.83333333333,2388.75,1730.83333333333,1992.4,2327.0,2317.83333333333,2157.25,1608.5,31605.4999999999,372793.070654604,1519098.11834288
LO,1082,SDEr,Shadwell LO,Station entry/exit,taps,5134.71428571428,5785.72727272727,5861.99999999999,5311.0,3728.2,5226.14285714285,5910.27272727272,6016.99999999999,5178.5,3545.0,75090.5571428571,885707.847509161,3609179.54346659
LO,1083,SQEr,Surrey Quays,Station entry/exit,taps,6459.375,7155.11111111111,7249.83333333333,6469.0,4453.25,6167.75,6773.88888888889,6623.66666666666,5903.75,4282.25,89395.875,1054441.87705004,4296755.48559953
LO,1085,WPEr,Wapping,Station entry/exit,taps,2870.33333333333,3367.5,3286.0,3615.25,2322.75,2805.33333333333,3305.6,3122.75,3422.0,2332.75,43796.4666666666,516587.913258411,2105049.12446885
LO,1335,BGVr,Barking Riverside,Station entry/exit,taps,1985.27699999999,2113.62666666666,1955.2275,1289.415,760.031249999999,1713.72599999999,1828.57888888888,1648.61374999999,1063.111,707.9625,22949.9806666666,270699.522684041,1103076.12430554
LO,1395,BSHr,Bushey,Station entry/exit,taps,3854.67753452761,4391.06289501996,4109.29414823526,3871.05868279837,1523.37270734276,3779.81958763697,3778.37878912162,3960.22329839322,2882.90717943919,1756.82695061641,50246.5051414146,592667.381985108,2415066.09335809
LO,1398,HTEr,Hatch End,Station entry/exit,taps,1230.28569518966,1444.60304801882,1276.98489933398,938.590406926406,565.660271836739,1242.77010714458,1421.62032810933,1325.64188390002,967.079057043925,602.636624481126,16748.3190742409,197549.707993525,804997.23121247
LO,1402,WFJr,Watford Junction,Station entry/exit,taps,11942.7,13338.7799999999,11708.592,9165.24,5533.248,11904.5624999999,12985.38,10826.34,8018.54999999999,5230.82799999999,153302.540499999,1808233.52935871,7368388.43906074
LO,1404,ACCr,Acton Central,Station entry/exit,taps,2392.0,2582.28571428571,2625.0,2337.25,1743.0,2365.0,2491.71428571428,2422.5,2271.25,1791.0,33169.0,391234.85977259,1594246.7446272
LO,1409,GPOr,Gospel Oak,Station entry/exit,taps,3914.53906281079,4340.66657954442,4330.30419790376,3196.9974957574,2690.75244845417,3908.54311419076,4365.4075064575,4202.5217240819,3393.29679090833,2703.94028669821,54459.1173788111,642355.969460586,2617542.60292564
LO,1413,HDHr,Hampstead Heath,Station entry/exit,taps,5256.99999999999,5481.99999999999,5255.79999999999,5087.0,4066.25,5292.33333333333,5443.14285714285,5227.4,5302.5,4159.25,72422.9619047619,854243.038533725,3480963.2865907
LO,1415,KBNr,Kilburn High Road,Station entry/exit,taps,1242.19999999999,1317.54545454545,1439.0,1127.33333333333,810.199999999999,1286.0,1389.27272727272,1394.75,1113.33333333333,858.599999999999,17391.8712121212,205140.531666833,835929.152609361
LO,1421,WHDr,West Hampstead LO,Station entry/exit,taps,6981.49999999999,7778.0,7451.75,7184.33333333333,4570.5,6908.16666666666,7702.22222222222,7279.0,6780.66666666666,4451.5,98048.0833333333,1156496.37112628,4712618.33854213
LO,1429,DLKr,Dalston Kingsland,Station entry/exit,taps,7068.4,8183.14285714285,8755.66666666666,8894.0,5196.33333333333,7019.0,8035.85714285714,9060.66666666666,9516.66666666666,5265.49999999999,109433.233333333,1290786.44811805,5259838.28260413
LO,1434,HDLr,Headstone Lane,Station entry/exit,taps,1312.26607122488,1317.63333669903,1302.81976704109,866.884134686773,463.796517706907,1227.39680962794,1198.81924511278,1159.74230897358,792.553104106587,457.367054843611,15132.1835136468,178487.072115973,727318.710414332
LO,1437,BSYr,Brondesbury,Station entry/exit,taps,3827.0,3946.83333333333,4112.5,3704.66666666666,2237.5,3700.33333333333,3718.83333333333,3736.0,3180.33333333333,2280.0,49775.3333333333,587109.818107286,2392419.5221261
LO,1438,BSPr,Brondesbury Park,Station entry/exit,taps,2010.33163092917,2097.81736549138,2097.4191379054,1954.24661990484,1122.72713220337,2087.03528131205,2110.33206749761,2029.66384778643,1787.42302725019,1152.00223302358,26865.297209282,316881.449136917,1291263.30668215
LO,1439,CIRr,Caledonian Road & Barnsbury,Station entry/exit,taps,2787.7257447752,3078.03642560412,3103.98232936446,2595.0609661996,1479.66759034816,3172.11842099819,3327.23544999449,3169.4008235034,2561.32497290777,1651.12487493054,39736.2213498232,468696.523491533,1909896.03336675
LO,1440,CMDr,Camden Road,Station entry/exit,taps,5817.83333333333,6528.14285714285,6092.75,6577.99999999999,3917.16666666666,6142.33333333333,6959.0,6682.5,6937.8,4232.83333333333,86862.6452380952,1024561.93521669,4174997.41929336
LO,1441,CNNr,Canonbury,Station entry/exit,taps,4001.57142857142,4764.25,4461.33333333333,4141.25,2740.0,3840.85714285714,4458.0,4174.66666666666,3979.5,2864.5,57870.4285714285,682593.053969747,2781505.09090359
LO,1442,CPKr,Carpenders Park,Station entry/exit,taps,2225.378467986,2341.81865518251,2313.45404029128,1962.87606104063,1043.58239330688,2254.05772104069,2410.84373377861,2289.64043181921,1904.46332300799,1151.91219681815,29403.3518021942,346818.300798202,1413253.27540102
LO,1443,DLJr,Dalston Junction,Station entry/exit,taps,6539.75,8130.14285714286,8966.5,9583.33333333333,5599.42857142857,6495.5,8313.85714285714,9412.5,9879.33333333333,5829.57142857142,111637.916666666,1316791.12039517,5365804.9752117
LO,1444,EUSr,Euston NR,Boarding/alighting,lw,6479.6,7179.77777777777,6970.66666666666,6562.92452131376,5541.80048703797,6090.99999999999,6798.66666666666,6826.0,6043.5,4660.0,91110.8250083517,1074670.0487174,4379183.45955151
LO,1445,FNYr,Finchley Road & Frognal,Station entry/exit,taps,3499.60399425135,3760.31117150799,3657.93861106425,3172.83434165218,1942.68827794913,3431.85894988181,3804.72332855242,3502.00498318058,3186.9588227596,1987.97297304882,47076.964453969,555282.027998063,2262724.14988908
LO,1448,KNRr,Kensal Rise,Station entry/exit,taps,4945.29180612183,5405.03526085943,5423.00954644878,5131.69638163155,2873.26634739575,5048.7073978108,5492.25754411617,5212.49197907648,5280.55205621762,3064.6851488446,69671.5790784742,821789.938523977,3348719.83294325
LO,1449,KTWr,Kentish Town West,Station entry/exit,taps,2985.80869124479,3394.06829494668,3260.9566098675,3236.20503509061,1904.58444233096,2871.82790269601,3624.28288881081,3212.75572829563,3005.1882466755,1906.55680313564,43438.9370106091,512370.780850072,2087864.69050107
LO,1451,SOHr,South Hampstead,Station entry/exit,taps,1074.19099379152,1075.63241250266,1082.70114123174,790.164041985286,527.375083519596,1002.44976367368,1067.11253560154,1145.49746601213,712.19310338003,537.909204056306,13300.7156419629,156884.549400297,639290.379975627
LO,1452,SATr,South Acton,Station entry/exit,taps,1550.85559758852,1624.57683903171,1556.75940238805,1511.30771626743,1021.62264730845,1641.49366228145,1767.89313723268,1448.45521760792,1406.98494000701,1020.84435094455,21335.7334631866,251659.160348975,1025488.36618285
LO,1455,WFHr,Watford High Street,Station entry/exit,taps,2204.59999999999,2276.66666666666,2416.25,2054.99999999999,1326.25,2084.2,2192.77777777777,2311.25,2083.99999999999,1314.25,29204.1333333333,344468.479889254,1403677.9672684
LO,1524,UHLr,Upper Holloway,Station entry/exit,taps,2924.1699258677,3101.6648512432,2980.29109840686,2457.48569165277,1549.0421889247,2914.92335059969,3096.19009936241,3098.88256357586,2509.82609626548,1441.53215993039,38469.7179270403,453757.867245823,1849022.35737921
LO,5150,NWXr,New Cross,Boarding/alighting,lw,4033.99999999999,4124.25,3900.66666666666,3862.79999999999,2552.39999999999,4147.66666666666,4225.75,3906.66666666666,3946.4,2815.6,54216.2,639490.711338981,2605866.93466965
LO,5301,CLPr,Clapham High Street,Station entry/exit,taps,2625.14660888613,2834.22076392829,2995.85307292635,2514.26491414786,1579.42646380161,2708.74644739838,2830.68412680278,3049.71506984931,2910.00896166614,1794.63604642061,37172.5122572896,438457.07197611,1786672.9975519
LO,5345,NXGr,New Cross Gate,Station entry/exit,taps,6351.2217787875,6688.875,6955.39999999999,6181.335429945,4732.375,7271.17296059916,8016.25166027487,8305.4702764136,8927.5843195062,4946.875,97786.814746076,1153414.6569022,4700060.6312037
LO,5356,CYPr,Crystal Palace,Boarding/alighting,lw,3469.25,3561.8,3349.33333333333,2649.8,2313.4,3479.0,3443.6,3119.0,2644.4,2367.8,44408.1833333333,523803.2313055,2134450.89432828
LO,5362,FOHr,Forest Hill,Station entry/exit,taps,6436.59531088933,7759.06620950914,6795.54102964799,6293.62128154,3562.14285714285,5944.1730813685,6833.312123016,5747.66666666666,5095.363238212,3525.42857142857,87177.6670344713,1028277.67908387,4190138.74020623
LO,5372,WWRr,Wandsworth Road,Station entry/exit,taps,1266.2884671278,1392.15833456172,1396.03191665186,1147.70288025157,691.031356434525,1261.97482589179,1364.58599330041,1254.0682679996,1068.48004740178,716.403919786627,17072.214665132,201370.120007249,820565.065376212
LO,5376,NWDr,Norwood Jn,Station entry/exit,taps,6758.12,7706.80875,7080.72499999999,5660.942,3680.26499999999,6373.27666666666,7203.5075,6189.14749999999,4757.006,3467.335,88697.7659166666,1046207.54350595,4263201.31955597
LO,5378,PNWr,Penge West,Station entry/exit,taps,1089.59381587188,1266.49734541956,1363.18311530422,1430.59525488356,971.07955063341,1104.9785345039,1212.4665816517,1300.124172507,1188.69602791403,969.293718388277,16854.4359712201,198801.377603979,810097.671911888
LO,5397,ANYr,Anerley,Station entry/exit,taps,1876.15301021808,2111.05455259179,1999.46475074669,2141.01786951957,1200.42357728719,1749.35502284719,1713.42262030454,1722.55327978358,1600.63228045325,1277.13997305418,25040.1712825988,295353.730906243,1203539.79776872
LO,5404,BCYr,Brockley,Station entry/exit,taps,5278.77766649672,6208.4973621484,6126.85593282751,5938.49321811645,4182.07369967904,5490.43684097898,6421.37975808465,5840.87681026074,5324.56446498641,4551.48175794578,80623.1917519908,950966.357728866,3875102.08303134
LO,5411,WCYr,West Croydon NR,Station entry/exit,taps,6218.71428571428,6659.6,6347.25,4656.66666666666,2874.2,5996.660539916,6703.37612402149,6037.70389737599,4510.69984716,2735.1163935924,79465.9400024898,937316.346394861,3819479.51875879
LO,5418,HPAr,Honor Oak Park,Station entry/exit,taps,3765.01765740099,4605.56563401,3946.54688630999,3769.91910600079,2273.49999999999,3728.30902699633,4403.04036720856,3638.19349089866,3418.48068729439,2340.49999999999,53906.2848585569,635835.201468202,2590971.06185599
LO,5421,DMKr,Denmark Hill,Station entry/exit,taps,9493.92446889714,11179.9388667624,9671.4427687776,5496.55279150157,3195.5,9712.50704603742,10938.311292743,9509.89748526,5365.09593347142,3432.83333333333,122232.504305794,1441756.35930326,5875027.04564939
LO,5423,PMRr,Peckham Rye,Station entry/exit,taps,9237.9846345041,11391.496481118,10781.5607433453,10990.7362371406,6324.23578372378,8820.13194483457,11853.6939127284,11527.8762980491,11674.8341330211,6331.24657669551,145424.177532853,1715306.69313546,6989719.96809797
LO,5424,QRPr,Queens Road Peckham,Station entry/exit,taps,5043.46642614634,5689.27927457217,5736.47237435625,5739.62203168951,3274.60144130817,5031.27159161499,5376.7097496522,5665.17899483631,5034.75991128615,3551.94603303884,72275.2858769497,852501.170824935,3473865.33288094
LO,5437,SYDr,Sydenham,Station entry/exit,taps,5343.48282874837,6193.2370695276,5562.9003273199,4797.78880504468,3088.10333387083,5516.88647128002,6330.98380891605,5426.69227100187,4518.25781589916,3232.37851839796,75059.1530068938,885337.429566808,3607670.12378172
LO,5595,CLJr,Clapham Junction,Boarding/alighting,lw,22263.0,22902.6666666666,21398.6666666666,17074.75,9540.4,19828.5,20394.3333333333,19052.9999999999,15439.75,8774.19999999999,263263.266666666,3105241.85889255,12653580.3269094
LO,6814,CHNr,Cheshunt,Boarding/alighting,lw,1401.97543069965,1336.30051181333,1394.12718968337,969.5,991.127983912426,1340.34666666666,1362.25976082996,1394.99245283018,906.0,804.75,17298.5005417222,204039.206298554,831441.351128242
LO,6867,HACr,Hackney Downs,Station entry/exit,taps,3864.4493958767,4653.92312509493,4636.44301610088,4379.38419386227,2757.67630332159,3886.42568991454,4562.7217022945,4484.16338922816,4301.1862137354,2703.98305143948,58663.6457356473,691949.205979526,2819630.56595072
LO,6913,BHKr,Bush Hill Park,Station entry/exit,taps,3487.45798477237,3998.451618405,3607.88684440313,3272.53142843706,1943.76802841465,4100.98562462545,3531.75758117167,3377.53570430253,2441.12668099442,1980.41872767115,46802.3386223508,552042.762457255,2249524.435154
LO,6914,CHIr,Chingford,Station entry/exit,taps,4340.00608920859,5197.832286905,4330.35413868539,3354.511032936,2565.667054984,4557.9222096156,5778.598034634,4690.2199443056,3225.78289224049,2175.38159954,62169.1359261327,733297.150237981,2988119.70715196
LO,6919,HIPr,Highams Park,Station entry/exit,taps,4669.317189048,5618.69524955899,4778.33333333333,3562.25,2068.0,4472.99999999999,5166.66666666666,4490.16666666666,3215.75,2087.0,61699.9029377249,727762.455118431,2965566.32404603
LO,6926,CPTr,Clapton,Station entry/exit,taps,3684.61914434254,4245.86591427117,4065.74252814083,3535.02011838615,2474.80586661333,3492.0349090788,3968.05403339703,3642.0854655949,3085.07726610054,2479.49368960005,51100.6388308618,602742.056356296,2456119.48218131
LO,6934,SKWr,Stoke Newington,Station entry/exit,taps,2846.81752531114,3311.22486806079,3296.33407330682,3079.66464679157,2103.98563241911,2610.65263252052,3076.31689217379,2927.49746305493,2652.6535900663,1936.96349111516,40617.1943352893,479087.772622719,1952239.4357661
LO,6941,EDRr,Edmonton Green,Station entry/exit,taps,6457.31198506824,6964.74757312091,6746.75975130857,5698.67534897639,3382.77234513375,6520.75108002553,6874.43719659732,6652.88246815762,5190.7836672868,3482.33349957641,85649.824454688,1010256.47623011,4116703.96499075
LO,6947,SBUr,Southbury,Station entry/exit,taps,1702.66666666666,1802.375,1756.0,1309.4,949.75,1840.5,2006.5,1865.49999999999,1421.0,1055.25,23326.6916666666,275142.902805836,1121182.4972868
LO,6949,TEOr,Theobalds Grove,Station entry/exit,taps,1268.19999999999,1360.0909090909,1273.8,1076.99999999999,596.0,1160.4,1274.54545454545,1188.19999999999,945.4,578.25,15991.159090909,188618.857503482,768604.821474799
LO,6952,TURr,Turkey Street,Station entry/exit,taps,1894.41437609334,1947.54153394397,1934.66707838659,1582.71665995552,964.923601318774,1745.00011137061,1978.45006049969,1926.71592328783,1364.31163418158,954.918860071735,24145.643027997,284802.594717279,1160544.87003873
LO,6954,WSTr,Wood Street,Station entry/exit,taps,3527.70925038647,4139.73495627048,3858.16239382359,3262.28544046906,1903.90232522197,3391.61871584271,3973.17473828793,3523.29029614708,2994.93197298399,2015.91277946738,48816.5422580175,575800.689345419,2346335.84307036
LO,6956,WHLr,White Hart Lane,Station entry/exit,taps,3126.79999999999,3432.79999999999,3334.8,2292.5,1406.99999999999,2933.0,3225.8,3063.99999999999,2089.5,1379.0,39602.4,467118.074426664,1903463.99588243
LO,6958,BCVr,Bruce Grove,Station entry/exit,taps,3123.04129035898,3481.80625606493,3340.21863895531,3090.73710907399,2001.74995733596,2818.34367078449,3142.63453789714,3019.89367697112,2647.54648230645,1887.03637611517,41801.8895837877,493061.485409342,2009181.05424401
LO,6959,ENFr,Enfield Town,Station entry/exit,taps,3799.19999999999,4570.5354592436,4171.3243360266,3299.4,1847.743058244,3636.99999999999,4218.72084188229,3689.79999999999,2887.59999999999,1827.96419079166,51527.8004884399,607780.511878103,2476650.73371207
LO,6961,BETr,Bethnal Green LO,Station entry/exit,taps,2603.16430289735,2794.15247287483,2820.25026266158,2838.38427896664,1076.38437254098,2945.67248371602,3278.59836318023,3289.20915767477,2895.55971473252,1093.29053754924,37780.1676189043,445624.486133648,1815879.56338474
LO,6962,CBHr,Cambridge Heath,Station entry/exit,taps,1852.24769163646,2095.45829437459,2156.32859901142,2171.18288206363,1713.03575946607,1872.16321158949,2091.20755435508,2188.34546894828,2042.27434919659,1715.1770642665,28270.7525723675,333459.070768362,1358815.61869993
LO,6965,LSTr,Liverpool Street NR,Boarding/alighting,lw,23681.3184778721,28216.7745828852,23409.5258783088,18092.6235515317,12565.9684087963,22893.7652368396,27200.843073704,23169.1830175382,17530.8,16641.2041652749,324237.241705929,3824441.85208691,15584255.391377
LO,6966,LOFr,London Fields,Station entry/exit,taps,3014.06004859773,3419.92934200911,3501.22218374277,3668.49482004318,2345.9545095021,3056.46030802372,3607.03259602328,3678.04001867313,3875.69875715173,2402.02772535743,46622.844185189,549925.590370277,2240897.14997435
LO,6967,RECr,Rectory Road,Station entry/exit,taps,2495.11812842339,2945.65757211408,2780.53265120371,2459.01859298849,1506.00270414465,2414.34906360135,2753.86579054717,2500.65006077134,2072.6851345728,1707.19256224528,35034.1189859348,413234.303980175,1683892.49432328
LO,6968,SMHr,Stamford Hill,Station entry/exit,taps,1805.28592956598,1867.63512776222,1893.8258874361,1410.09204923636,1119.67859895844,1616.414242625,1670.19891853907,1597.05507810001,1198.33037152585,1075.7831455628,22329.9674419144,263386.345107296,1073275.58569458
LO,6972,SLVr,Silver Street,Station entry/exit,taps,4774.63037559139,4904.5308912042,4897.28776654392,3721.6030638826,2647.68745909979,4781.16860570938,4742.70375510479,4759.80592645996,3587.67211418879,2391.38961690017,60502.948867303,713644.147123141,2908035.49314252
LO,6973,SJSr,St James Street,Station entry/exit,taps,2367.66666666666,2796.99999999999,2727.66666666666,2386.33333333333,1521.0,2431.83333333333,2792.16666666666,2618.33333333333,2260.0,1521.6,34601.9333333333,408136.589451812,1663119.76768893
LO,6977,HKCr,Hackney Central,Station entry/exit,taps,9811.04854809437,10976.565588249,10639.071445823,11489.4469572056,6600.87642915599,11209.9448058745,12894.9060457555,12496.7255992313,14057.8140554561,8263.37759965065,156182.720342505,1842205.81543314,7506822.4388152
LO,6978,HKWr,Hackney Wick,Station entry/exit,taps,5276.83411566652,6293.10285551573,6289.31054244203,7875.44725045206,4253.57371179949,5444.57285375545,6522.47046779672,6846.70629461259,8835.16911067854,4243.15237574134,87511.4862250854,1032215.14190244,4206183.54583591
LO,6979,HMNr,Homerton,Station entry/exit,taps,6701.83333333333,7706.625,7649.0,6189.0,3694.66666666666,6563.66666666666,7326.625,6924.75,5595.0,3829.99999999999,92247.6666666666,1088079.31902324,4433825.02586117
LO,7401,HRYr,Harringay Green Lanes,Station entry/exit,taps,2910.70203140063,2988.09719292228,3130.1103061956,3172.33420041202,2015.12676975779,2667.61265811931,3116.51365900975,3074.90081723329,3000.52158400095,1950.20649925634,40235.347422172,474583.813398502,1933886.20840973
LO,7402,LEMr,Leyton Midland Road,Station entry/exit,taps,2869.4489019384,3357.2542290269,3241.10843478,2939.9186687625,1671.928776818,2814.8466017782,3305.51687116981,3035.15600721999,2564.49002181749,1702.2015666014,40827.412280306104,481567.334510033,1962343.42667644
LO,7403,LERr,Leytonstone High Road,Station entry/exit,taps,2092.641035206,2378.518927101,2411.9169028165,2186.7423363384,1347.26745462666,2026.53169957599,2394.358156701,2298.86041860649,2013.759938704,1361.956576576,30058.307613856,354543.633040138,1444733.30707568
LO,7404,STOr,South Tottenham,Station entry/exit,taps,2425.325496441,2999.536371661,2580.76769608425,2045.704960548,1492.3624284415,2621.50151040599,3058.12500149299,2830.81855305075,2193.77694429,1558.74020481183,35921.9819135353,423706.821330022,1726567.05737921
LO,7406,CRHr,Crouch Hill,Station entry/exit,taps,1726.10002961215,1761.22983963644,1875.63234009307,1976.79552835245,1076.10416494645,1715.31565671669,1762.80550339154,1862.13536322805,1962.32155187132,1093.56798122475,23860.0786451289,281434.306819318,1146819.40084253
LO,7407,WMWr,Walthamstow Queen's Road,Station entry/exit,taps,2256.92042453961,2426.16505285229,2377.63954017911,2123.19776732325,1297.25101503854,2499.5678840263,2525.51996358088,2492.37992120532,2203.8164097138,1346.33557012383,31452.1635814493,370984.437526994,1511728.10157701
LO,7408,WNPr,Wanstead Park,Station entry/exit,taps,2641.81136652949,2951.42658238633,2825.0397203535,2318.1866919785,1440.4511428124,2547.603648464,3012.943450593,2689.60955222,2173.995752022,1543.89807415919,36073.7060474771,425496.437244485,1733859.58071781
LO,7467,WGRr,Woodgrange Park,Station entry/exit,taps,1861.61280235749,2144.6757822537,1947.55178487883,1571.04300280679,1084.50297153,1485.60211362066,1709.61124259249,1518.173240743,1208.877244512,947.315685374999,23187.5399203624,273501.580669128,1114494.25770904
LO,7473,EMPr,Emerson Park,Station entry/exit,taps,544.89076596786,670.660987331853,630.576123296992,376.484263367182,142.758050337196,422.652635814204,437.883455922942,407.635669515669,256.66373264753,116.698983713704,6223.99355442472,73413.2245618156,299152.264545881
LO,9586,IMWr,Imperial Wharf,Station entry/exit,taps,4567.76216490011,5104.01167262798,4846.39462793722,2821.91764824936,1874.86832724234,4594.31318130622,5002.63898531721,4712.32763378925,2728.7266413644,1798.87010920044,58265.1323078249,687248.661945892,2800476.27323777
LO,9587,SPBr,Shepherd's Bush NR,Station entry/exit,taps,11311.9632745056,13245.0219444719,12364.400123491,11557.391653885,5846.5261121985,11059.19783948,12826.408629185,11428.2053030827,11615.3163115659,5078.75,158476.042339179,1869255.99812728,7617049.49201487
LU,500,ACTu,Acton Town,Station entry/exit,taps,7102.57142857142,7878.66666666666,7755.2,5944.5,4493.75,7227.99999999999,8004.83333333333,7823.4,6212.75,4674.75,98885.4214285714,1136779.98164877,4613379.10877098
LU,501,BARu,Barbican,Station entry/exit,taps,8553.25,10496.7777777777,7736.0,5056.75,3653.8,8725.0,10841.8888888888,7921.5,5136.0,3643.0,114441.3,1315609.2883503,5339119.71019872
LU,502,ALDu,Aldgate,Station entry/exit,taps,10240.9999999999,12544.1999999999,9006.25,5965.5,4651.4,11675.8333333333,14425.8,11675.25,7933.25,5423.39999999999,147481.883333333,1695441.55455005,6880587.95384383
LU,503,ALEu,Aldgate East,Station entry/exit,taps,17385.7142857142,20020.5,18113.7999999999,17370.3999999999,13301.9999999999,16194.7142857142,19654.625,18310.9999999999,17313.5999999999,11733.3333333333,248749.936904761,2859612.11091149,11605125.8683613
LU,505,ALPu,Alperton,Station entry/exit,taps,3692.0,3476.33333333333,3600.8,2553.33333333333,1932.4,3889.33333333333,3761.66666666666,3742.99999999999,2545.33333333333,1875.8,45546.0,523593.673326,2124893.25375289
LU,506,AMEu,Amersham,Station entry/exit,taps,3223.66666666666,3835.625,2994.5,2459.66666666666,1334.83333333333,3066.99999999999,3741.625,2973.83333333333,2257.5,1250.33333333333,42293.0833333333,486198.36777725,1973132.38166708
LU,507,ANGu,Angel,Station entry/exit,taps,15757.0,19224.1999999999,18774.5,17821.5,11297.6666666666,16732.1666666666,20327.8,20575.5,19306.0,11641.6666666666,250561.999999999,2880443.463222,11689665.4689068
LU,508,ARCu,Archway,Station entry/exit,taps,10490.5714285714,11885.0,11478.8333333333,9412.75,6889.5,10210.2857142857,11591.909090909,10942.6666666666,8613.0,6855.75,145324.084415584,1670635.64707973,6779918.46885547
LU,509,AGRu,Arnos Grove,Station entry/exit,taps,4861.28571428571,5444.42857142857,5102.4,4404.0,3059.79999999999,4557.14285714285,5070.42857142857,4779.99999999999,3974.25,2960.39999999999,65243.85,750038.79777435,3043872.4962426
LU,510,ARLu,Arsenal,Station entry/exit,taps,3148.25,3555.2,3669.0,3436.99999999999,2279.59999999999,2997.75,3359.0,3220.39999999999,3137.33333333333,2255.19999999999,44887.1333333333,516019.3875878,2094154.63049019
LU,511,BSTu,Baker Street,Station entry/exit,taps,34166.5714285714,39004.25,35207.3999999999,29132.75,21831.9999999999,34868.0,39742.875,36137.2,30240.5,22067.1666666666,479892.963095238,5516816.3911284,22388822.7243788
LU,512,BALu,Balham LU,Station entry/exit,taps,13837.8,17071.1428571428,16259.1999999999,15805.0,8994.99999999999,13736.6,17156.0,15724.6,15463.0,9236.19999999999,211738.828571428,2434134.96327797,9878417.60832936
LU,513,BNKu,Bank and Monument,Station entry/exit,taps,64886.1666666666,89514.7777777777,53677.75,28474.0,20032.0,66590.1666666666,91784.8888888888,54748.25,29168.5,19896.6666666666,881372.499999999,10132197.4452974,41119362.3873297
LU,514,BKGu,Barking,Station entry/exit,taps,28184.7425,29806.6879999999,28763.472,23208.1283333333,16732.7171428571,28459.19375,29890.4549999999,28790.71,23172.3083333333,16800.1857142857,373202.886773809,4290314.63535252,17411326.9307243
LU,515,BDEu,Barkingside,Station entry/exit,taps,1873.75,2041.25,1891.33333333333,1284.75,915.0,1949.5,2140.5,1917.0,1374.5,942.0,24693.0833333333,283869.98217725,1152025.78029592
LU,516,BCTu,Barons Court,Station entry/exit,taps,8700.4,10107.2727272727,8780.0,6484.66666666666,3982.5,8796.0,10000.3636363636,8772.16666666666,6552.99999999999,3983.99999999999,116375.642424242,1337846.35538976,5429364.10416791
LU,517,BAYu,Bayswater,Station entry/exit,taps,5641.0,5717.57142857142,6747.99999999999,6877.59999999999,5790.75,4993.25,5186.71428571428,6013.33333333333,6052.6,4563.5,79392.8904761904,912695.190804842,3703978.77681463
LU,518,BECu,Becontree,Station entry/exit,taps,4929.33333333333,5186.83333333333,5073.5,3695.0,2459.99999999999,4871.99999999999,4962.66666666666,4784.0,3412.75,2423.5,62098.5833333333,713881.02919775,2897133.90402256
LU,519,BPKu,Belsize Park,Station entry/exit,taps,8026.99999999999,9158.25,8435.25,5902.66666666666,4652.99999999999,8012.0,9245.75,8248.75,5772.33333333333,4741.59999999999,109004.6,1253109.3602826,5085477.08180811
LU,520,BNGu,Bethnal Green LU,Station entry/exit,taps,13051.9999999999,15410.6363636363,15758.1999999999,15675.0,10472.7142857142,12409.7142857142,14602.6363636363,14972.1999999999,15024.5,10037.4285714285,197441.575324675,2269774.72646377,9211396.64114842
LU,521,BLFu,Blackfriars LU,Station entry/exit,taps,17183.0,21378.1999999999,15565.25,12755.0,8624.0,16202.75,20449.0,15102.0,11383.5,7230.79999999999,229527.9,2638636.9009749,10708345.1073215
LU,522,BHRu,Blackhorse Road,Station entry/exit,taps,13782.6,15518.4444444444,15357.8,13400.5999999999,9438.85714285714,13265.2,14935.1111111111,14478.2,12706.6,9264.42857142857,193054.952380952,2219346.41177971,9006744.081102
LU,524,BDSu,Bond Street,Station entry/exit,taps,59475.2857142857,74310.5714285714,61690.9999999999,61218.8,40002.8,60817.7142857142,77691.8571428571,64926.6666666666,62583.8,40046.1999999999,906769.552380952,10424160.2070723,42304230.9876348
LU,525,BORu,Borough,Station entry/exit,taps,5754.16666666666,6865.0909090909,5945.59999999999,5111.25,3407.6,5727.49999999999,6859.63636363636,6053.2,5204.0,3618.6,81996.0984848485,942621.490451022,3825428.2813971
LU,526,BOSu,Boston Manor,Station entry/exit,taps,2028.5,2170.33333333333,2188.0,1646.33333333333,1177.5,2103.0,2255.0,2168.79999999999,1585.66666666666,1241.25,27415.05,315161.52316155,1279015.82567729
LU,527,BGRu,Bounds Green,Station entry/exit,taps,6167.99999999999,6920.71428571428,6508.33333333333,5707.99999999999,3990.25,6014.66666666666,6732.28571428571,6238.66666666666,5349.0,3984.0,84919.9166666666,976233.50252575,3961835.4638005
LU,528,BWRu,Bow Road,Station entry/exit,taps,6153.19999999999,7062.49999999999,6735.16666666666,5792.5,4131.42857142857,5983.4,6794.7,6293.33333333333,5590.5,4359.42857142857,86610.5571428571,995668.988785842,4040710.23968375
LU,529,BTXu,Brent Cross,Station entry/exit,taps,2934.33333333333,3255.71428571428,2851.0,2379.0,2057.33333333333,2854.66666666666,3074.0,2778.5,2295.0,1998.66666666666,39137.6428571428,449923.641788357,1825919.14273334
LU,530,BBBu,Bromley-by-Bow,Station entry/exit,taps,6227.59999999999,6642.55555555555,6446.39999999999,4838.66666666666,3863.0,6112.39999999999,6508.77777777777,6108.2,4647.33333333333,3917.42857142857,81615.0285714285,938240.737020171,3807649.92790317
LU,531,BHLu,Buckhurst Hill,Station entry/exit,taps,3402.048975984,3824.72584015392,3323.43368450276,3016.13238881336,1701.23223573637,3411.14738855854,3812.28480244639,3257.15164741928,2850.04636060204,1661.24582587129,45533.4704352886,523449.634314617,2124308.70214511
LU,532,BURu,Burnt Oak,Station entry/exit,taps,5080.4,5428.25,5169.25,3849.0,2850.5,5012.4,5322.0,4992.25,3751.5,2784.0,65740.05,755743.07873655,3067022.10394717
LU,534,CRDu,Caledonian Road,Station entry/exit,taps,6276.0,7098.57142857143,7168.59999999999,5393.75,3702.6,6078.2,6873.42857142857,6743.0,4893.25,3741.59999999999,85913.0,987649.920003,4008166.55929548
LU,535,CTNu,Camden Town,Station entry/exit,taps,22401.25,23571.1111111111,26833.4999999999,34048.5,25844.75,22840.0,24262.3333333333,28150.9999999999,37003.0,27102.5,367724.833333333,4227339.3109865,17155755.0078471
LU,536,CSTu,Cannon Street LU,Station entry/exit,taps,7311.25,10197.5714285714,6319.59999999999,3974.0,1811.4,6673.5,9002.28571428571,5550.6,3300.5,1503.2,94043.6214285714,1081118.98293297,4387490.8165824
LU,537,CPKu,Canons Park,Station entry/exit,taps,3279.39999999999,3670.125,3314.75,2677.0,1736.8,3280.59999999999,3589.375,3240.25,2684.75,1692.2,43684.25,502191.12378675,2038035.57107659
LU,539,CLFu,Chalfont & Latimer,Station entry/exit,taps,2372.21618570022,2829.99592516923,2396.24701082399,1678.8446075295,1012.24267964783,2412.79121243345,2808.66401738446,2473.15082219893,1697.75000077546,1022.88495483745,31982.1073016079,367664.098773881,1492086.33131313
LU,540,CHFu,Chalk Farm,Station entry/exit,taps,6190.25,8395.75,8401.83333333333,8920.5,5567.99999999999,5237.25,7438.75,7088.5,6977.75,4421.4,100308.983333333,1153145.15108015,4679793.65862669
LU,541,CYLu,Chancery Lane,Station entry/exit,taps,12321.6666666666,17333.5999999999,11445.0,5654.25,2888.66666666666,13150.1666666666,18205.0,11935.75,5420.5,2918.33333333333,172350.133333333,1981325.24064079,8040785.92199998
LU,542,EMBu,Embankment,Station entry/exit,taps,24266.4,30015.875,26515.6666666666,32807.0,20441.25,23805.2,29905.375,25966.3333333333,31569.75,19338.5,384473.85,4419884.85090435,17937160.0164537
LU,543,CHMu,Chesham,Station entry/exit,taps,1723.33333333333,1999.85714285714,1655.0,1247.0,718.142857142857,1595.16666666666,1830.14285714285,1542.85714285714,1123.75,633.857142857142,21729.1071428571,249796.316405892,1013745.07482393
LU,544,CHGu,Chigwell,Station entry/exit,taps,576.857142857142,649.6,555.0,295.399999999999,179.0,510.857142857142,541.9,468.0,260.0,197.0,6616.61428571428,76064.1412821857,308690.094814018
LU,545,CHPu,Chiswick Park,Station entry/exit,taps,3011.2,3668.5,2981.4,2417.25,1693.5,3313.8,3993.2,3283.59999999999,2549.0,1840.5,44075.35,506687.18240085,2056281.86606502
LU,546,CWDu,Chorleywood,Station entry/exit,taps,2280.23771708303,2743.67713818831,2388.58976191018,1531.84897780224,908.079547095933,2125.4913252364,2648.51382820105,2295.39653003992,1463.52027668612,1020.49387086554,30190.2309058875,347064.81136815,1408488.51668999
LU,547,CPCu,Clapham Common,Station entry/exit,taps,9473.0,11225.8888888888,11856.3333333333,12797.0,7637.8,10769.0,12914.8888888888,12719.6666666666,13860.0,8207.19999999999,159742.333333333,1836386.841779,7452584.34195639
LU,548,CPNu,Clapham North,Station entry/exit,taps,6146.33333333333,7101.72727272727,8243.4,8660.8,4726.79999999999,6770.5,8232.18181818182,8204.0,8822.8,4885.39999999999,102461.76060606,1177893.33006579,4780228.86487204
LU,549,CPSu,Clapham South,Station entry/exit,taps,8858.79999999999,10806.8,9739.75,8873.79999999999,5476.66666666666,9054.6,10937.5999999999,9449.25,8754.99999999999,5782.0,131223.066666666,1508531.3200084,6122052.63023681
LU,550,CFSu,Cockfosters,Station entry/exit,taps,1993.2,2225.2,2193.5,2652.75,1583.66666666666,2009.19999999999,2286.79999999999,2191.66666666666,2561.75,1719.99999999999,30441.7333333333,349956.0659204,1420222.05665798
LU,551,COLu,Colindale,Station entry/exit,taps,8815.25,9705.25,8905.2,7404.25,5451.25,8333.0,9197.5,8214.99999999999,6855.75,5256.5,115944.45,1332889.39703295,5409247.34587207
LU,552,CLWu,Colliers Wood,Station entry/exit,taps,8009.75,9168.36363636363,8576.33333333332,7917.57142857142,5381.5,7753.125,8759.0909090909,8065.66666666666,7502.28571428571,5342.5,112331.09577922,1291350.52623231,5240670.69793036
LU,553,COVu,Covent Garden,Station entry/exit,taps,12314.2,16736.1111111111,15845.6,21635.3333333333,13071.2,13922.4,18978.111111111,19050.6,29477.0,14316.8,246775.799999999,2836917.56926979,11513024.9112868
LU,554,CRXu,Croxley,Station entry/exit,taps,1470.66666666666,1728.75,1471.5,878.4,492.499999999999,1485.33333333333,1695.0,1407.5,810.2,514.333333333333,18801.6833333333,216142.854283849,877169.676243757
LU,555,DGEu,Dagenham East,Station entry/exit,taps,4799.5,5101.4,4854.66666666666,3198.79999999999,2316.19999999999,4475.0,4744.4,4349.66666666666,2921.6,2091.79999999999,58544.6333333333,673025.0652203,2731328.6877758
LU,556,DGHu,Dagenham Heathway,Station entry/exit,taps,8053.33333333333,8412.77777777777,8351.25,5757.99999999999,3927.19999999999,7905.66666666666,8280.77777777777,8112.25,5558.99999999999,3919.39999999999,101666.766666666,1168754.1345931,4743139.38920804
LU,557,DEBu,Debden,Station entry/exit,taps,3210.79999999999,3580.25,3161.33333333333,2206.42857142857,1179.42857142857,3122.39999999999,3486.0,3010.99999999999,2108.99999999999,1221.28571428571,40420.4261904761,464670.430476307,1885765.83950203
LU,558,DHLu,Dollis Hill,Station entry/exit,taps,4946.6,5412.88888888889,5385.42857142857,4119.5,3030.0,4475.2,4842.66666666666,4801.71428571428,3600.25,2713.5,63838.8595238095,733887.124204407,2978324.37380717
LU,560,EBYu,Ealing Broadway,Station entry/exit,taps,24505.9706378009,28057.8187527382,26924.2005683317,23276.733801546,17199.2184646522,28142.0894497146,30287.7343560888,27653.2584802438,27009.1864887524,19660.4742107875,369407.79142831,4246686.48112225,17234271.3715754
LU,561,ECMu,Ealing Common,Station entry/exit,taps,2680.71428571428,2943.18181818181,2984.39999999999,2255.75,1670.0,2652.0,2939.99999999999,2860.2,2155.5,1692.0,36600.1097402597,420752.336166453,1707533.62037705
LU,562,ECTu,Earl's Court,Station entry/exit,taps,23202.8,25318.0999999999,25990.6666666666,23769.0,17118.75,23014.8,25251.6999999999,26930.8333333333,25015.75,16261.25,333013.25,3828297.34408575,15536328.2908559
LU,563,EACu,East Acton,Station entry/exit,taps,5423.37657156445,5936.26294286748,5450.446742918,3938.54835246531,2963.63660269638,5691.28918082751,6171.54068616837,5438.39938977432,3908.70064029413,3035.72159813653,72173.5299657842,829701.920513088,3367168.28972527
LU,564,ETEu,Eastcote,Station entry/exit,taps,3493.25,3781.25,3539.25,2555.0,1573.0,3447.5,3739.5,3444.5,2444.59999999999,1584.75,44644.1,513225.4931571,2082816.20581103
LU,565,EFYu,East Finchley,Station entry/exit,taps,8168.66666666667,9769.18181818182,8230.8,6892.75,4804.25,8129.66666666666,9621.45454545454,7929.8,6662.0,4908.25,113898.092424242,1309364.61154071,5313777.02120046
LU,566,EHMu,East Ham,Station entry/exit,taps,17294.6666666666,18447.1,17953.8333333333,14700.75,11366.3333333333,16868.0,17903.1999999999,17046.3333333333,13875.75,11022.1666666666,229178.733333333,2634622.90506739,10692055.1610159
LU,567,EPYu,East Putney,Station entry/exit,taps,8734.0,10228.125,9314.4,7759.75,5038.8,8719.39999999999,10103.625,8652.0,7096.5,5224.8,121534.9,1397156.8244919,5670062.99357863
LU,568,EDGu,Edgware,Station entry/exit,taps,6386.33333333333,7250.625,6698.5,5394.75,4094.39999999999,6419.66666666666,7309.0,6777.99999999999,5398.5,4082.19999999999,88931.2249999999,1022347.22634547,4148978.17701841
LU,569,ERDu,Edgware Road (DIS),Station entry/exit,taps,9404.4,10403.0,9750.85714285714,9109.5,6505.79999999999,8916.8,10132.125,9653.85714285714,9001.25,5959.39999999999,129907.239285714,1493404.65922906,6060664.30360244
LU,570,ELEu,Elephant & Castle LU,Station entry/exit,taps,19871.0,21835.3076923076,21888.7142857142,20368.0,13764.4,19382.8333333333,21267.5384615384,21426.2857142857,19336.0,13127.8,278473.571794871,3201312.96667739,12991845.9152372
LU,571,EPKu,Elm Park,Station entry/exit,taps,4411.0,5053.16666666666,4507.0,3137.2,1952.99999999999,4287.0,4784.0,4300.75,3022.6,1975.14285714285,57105.1928571428,656477.356827407,2664173.34247575
LU,572,EPPu,Epping,Station entry/exit,taps,4901.3824329641,5611.05657367765,5126.37631956023,5292.51731071804,3066.86168665337,4973.04595389249,5553.15820247959,4952.21667257051,5349.4906195931,3211.95016806948,70366.4854924931,808928.261934201,3282862.82688489
LU,574,EUSu,Euston LU,Station entry/exit,taps,45836.0,54069.8888888888,50997.0,52869.5,40275.0,47060.7999999999,55505.5555555555,54970.5,52647.1666666666,40552.5,713934.799999999,8207345.1992988,33307760.0698068
LU,575,ESQu,Euston Square,Station entry/exit,taps,19368.2,22711.3333333333,18423.0,11569.3333333333,9194.75,20961.5999999999,23939.3333333333,20469.3333333333,11770.3333333333,9641.25,261349.8,3004459.2676638,12192957.1617632
LU,576,FLPu,Fairlop,Station entry/exit,taps,1451.66666666666,1617.8,1485.33333333333,1356.33333333333,752.5,1360.66666666666,1519.0,1405.66666666666,1291.99999999999,764.666666666666,19279.2333333333,221632.7361329,899449.190873576
LU,577,FARu,Farringdon,Station entry/exit,taps,69621.6666666666,87892.3636363636,62559.1666666666,39223.25,24229.6,67745.8333333333,84316.5454545454,60623.8333333333,37937.0,22333.5999999999,900900.677272727,10356692.0237805,42030425.7550219
LU,578,FYCu,Finchley Central,Station entry/exit,taps,7588.92010039265,8520.09201015595,7443.82381249485,6691.57817007621,4732.60765925732,7648.85563798309,8774.41371673467,7412.42877112068,6056.70087509513,4624.53621952896,104082.96842662,1196530.62330761,4855864.34462525
LU,579,FRDu,Finchley Road,Station entry/exit,taps,11642.875,12801.5,12480.4999999999,9959.5,7592.6,11331.5,12194.25,11615.4999999999,9261.25,7260.19999999999,156131.175,1794873.21474892,7284110.14047363
LU,580,FPKu,Finsbury Park,Station entry/exit,taps,29657.6666666666,34727.5714285714,33718.4999999999,35283.0,23357.0,29598.3333333333,34279.4285714285,32939.8333333333,34705.75,23454.8,449735.883333333,5170132.68302404,20981880.8340051
LU,581,FBYu,Fulham Broadway,Station entry/exit,taps,9981.6,11480.5714285714,11713.1666666666,9708.25,6494.99999999999,10320.6,11783.7142857142,11369.0,9218.5,6184.4,144783.373809523,1664419.67526149,6754692.27294252
LU,582,GHLu,Gants Hill,Station entry/exit,taps,7768.0,8379.0,7566.4,5880.99999999999,4205.25,7388.0,7859.625,7150.8,5602.2,4068.125,98345.65,1130574.80655015,4588196.72904191
LU,583,GRDu,Gloucester Road,Station entry/exit,taps,18646.3333333333,19926.0833333333,19696.6,16184.1999999999,12027.5,17624.6666666666,19365.5833333333,19144.8,14646.2,10752.5,246597.8,2834871.2935518,11504720.5377048
LU,584,GGRu,Golders Green,Station entry/exit,taps,9206.16666666666,10204.5999999999,9584.0,7776.25,6089.0,9228.83333333333,10286.4,9657.19999999999,7728.5,6228.5,126971.449999999,1459655.02816994,5923698.6239016
LU,585,GHRu,Goldhawk Road,Station entry/exit,taps,2793.0,3223.83333333333,3105.79999999999,2717.25,1853.75,2754.8,3143.66666666666,2863.99999999999,2604.5,1942.5,39738.0999999999,456826.455671099,1853932.74067882
LU,586,GSTu,Goodge Street,Station entry/exit,taps,8043.4,9696.66666666666,7292.75,4711.75,2936.0,8783.99999999999,10423.5,8229.0,5102.75,3092.75,108552.9,1247916.6482499,5064403.56749906
LU,587,GRHu,Grange Hill,Station entry/exit,taps,666.666666666666,762.666666666666,634.6,380.8,213.222222222222,621.666666666666,698.333333333333,573.0,316.599999999999,194.333333333333,7983.88888888888,91782.2357783333,372478.62905003
LU,588,GPSu,Great Portland Street,Station entry/exit,taps,9116.99999999999,11086.7142857142,8647.59999999999,5568.83333333333,3810.99999999999,9309.57142857143,11396.2857142857,8824.6,5463.33333333333,3588.4,121779.338095238,1399966.86796852,5681466.9557165
LU,589,GFDu,Greenford,Station entry/exit,taps,4836.0,5510.44444444444,5081.66666666666,4180.0,2643.5,4845.5,5478.66666666666,4866.66666666666,4021.0,2658.75,66100.4166666666,759885.82907125,3083834.57263547
LU,590,GPKu,Green Park,Station entry/exit,taps,39165.0,48885.75,42937.1999999999,40120.0,26557.4285714285,44718.75,54934.375,49403.5999999999,47648.0,32719.4285714285,634729.782142857,7296809.77915931,29612546.2616124
LU,591,GUNu,Gunnersbury,Station entry/exit,taps,6314.66666666666,7608.33333333333,5863.66666666666,4396.8,3547.79999999999,6132.99999999999,7397.22222222222,5505.0,4242.4,3319.4,84339.4,969559.922981399,3934752.16452743
LU,592,HAIu,Hainault,Station entry/exit,taps,4758.75,5243.33333333333,4806.59999999999,3436.0,2214.11111111111,4553.125,5020.11111111111,4631.4,3319.75,2265.55555555555,60775.625,698672.391481875,2835412.89147489
LU,593,HMDu,Hammersmith (DIS),Station entry/exit,taps,31120.5,36382.7142857143,34282.75,29415.0,18770.25,30899.0,36144.4285714285,33709.0,28402.25,19176.5,443356.678571428,5096797.78524632,20684266.7918745
LU,594,HMPu,Hampstead,Station entry/exit,taps,5501.33333333333,6146.1111111111,6458.0,6092.79999999999,5090.25,6344.66666666666,7055.33333333333,7340.0,6840.79999999999,5831.25,89103.4333333333,1024326.9214631,4157012.34743381
LU,595,HLNu,Hanger Lane,Station entry/exit,taps,4111.78561609389,4639.30602442267,3942.1609872608,4276.27427837191,2966.12913795827,3911.76399588339,4418.58712500611,3715.78582645249,4017.21246446228,2812.51515146104,56927.3069062304,654432.392209848,2655874.28971522
LU,596,HARu,Harlesden,Station entry/exit,taps,4225.28571428571,4520.7,4334.33333333333,2677.6,1634.25,4161.71428571428,4397.7,4152.33333333333,2543.8,1683.25,52167.7666666666,599717.0460241,2433823.72663581
LU,597,HAWu,Harrow & Wealdstone,Station entry/exit,taps,9066.52377902383,9361.84632946383,8937.58847933175,8059.95440165687,4982.94032860152,8933.09202875487,9209.0237672726,8343.19377717693,7130.77795414619,4607.04465859942,115773.7256975,1330926.76223139,5401282.4111109
LU,598,HOHu,Harrow-on-the-Hill,Station entry/exit,taps,12799.8571428571,14165.9999999999,13363.4,12475.5,7590.25,13435.2857142857,14897.2222222222,14020.0,13005.0,8009.25,181888.209523809,2090974.30639925,8485773.26997619
LU,599,WDLu,Wood Lane,Station entry/exit,taps,7665.42857142857,8825.5,7779.0,7630.75,5037.85714285714,8157.28571428571,9322.0,8098.5,8198.5,5421.71428571428,112431.535714285,1292505.17679546,5245356.60098281
LU,601,HNDu,Hendon Central,Station entry/exit,taps,8407.6,9289.0,8506.66666666666,6040.5,4562.4,7853.59999999999,8627.66666666667,7749.83333333333,5467.75,4152.19999999999,106490.55,1224208.01495205,4968187.1357185
LU,602,HBTu,High Barnet,Station entry/exit,taps,5568.97142569499,6477.04396479522,5671.73419560762,4817.28619445553,2995.55881688967,5547.94392784803,6304.80941409204,5551.69290313543,4776.3868697021,3097.46084174727,76372.5953117425,877974.085994715,3563070.57808636
LU,603,HBYu,Highbury & Islington,Station entry/exit,taps,19738.8333333333,23825.4444444444,23700.8,24737.0,15651.25,20660.8333333333,24550.4444444444,24566.5999999999,25726.75,16644.0,316553.733333333,3639079.8761924,14768429.5527662
LU,604,HIGu,Highgate,Station entry/exit,taps,6509.99999999999,7717.22222222222,6981.0,6536.8,4379.25,6586.99999999999,7650.55555555555,6817.5,6536.2,4632.25,95083.3333333333,1093071.43925,4435997.31138491
LU,605,HSTu,High Street Kensington,Station entry/exit,taps,14033.0,16404.4444444444,15132.5,14864.25,11594.8333333333,13571.5,16082.4444444444,14976.5,14003.5,10284.1666666666,205920.916666666,2367252.64945675,9606990.0020114
LU,606,HDNu,Hillingdon,Station entry/exit,taps,2222.16666666666,2418.66666666666,2186.33333333333,1837.66666666666,1205.75,2099.83333333333,2222.33333333333,1995.0,1650.66666666666,1162.0,28282.4166666666,325132.71051325,1319481.76293919
LU,607,HOLu,Holborn,Station entry/exit,taps,27391.8947976878,35581.8701362694,28246.4030389908,21856.9006749524,13553.9236430962,29716.2360193998,38208.4154612888,30613.7665395423,22685.864726737,13741.9940175953,409177.840250676,4703880.2182508,19089694.6457173
LU,608,HPKu,Holland Park,Station entry/exit,taps,4414.85714285714,5021.33333333333,4683.2,4101.33333333333,2818.75,4446.14285714285,4962.41666666666,4620.6,4050.66666666666,2872.25,61959.05,712276.96362555,2890624.14600487
LU,609,HRDu,Holloway Road,Station entry/exit,taps,7576.19999999999,8135.33333333333,7687.5,5745.5,4304.2,7630.2,8204.22222222222,7479.75,5512.75,4381.59999999999,99336.3666666666,1141964.0169907,4634417.41058103
LU,610,HCHu,Hornchurch,Station entry/exit,taps,2707.0,3159.25,2578.75,1918.75,1006.39999999999,2774.0,3218.0,2696.25,2017.5,1066.99999999999,35897.4,412674.0334794,1674749.55182165
LU,611,HNCu,Hounslow Central,Station entry/exit,taps,4883.16666666666,5356.42857142857,5072.83333333333,3982.66666666666,3012.75,4939.33333333333,5346.71428571428,5092.16666666666,3896.0,2996.25,65984.5952380952,758554.353920071,3078431.06470477
LU,612,HNEu,Hounslow East,Station entry/exit,taps,4894.8,5062.85714285714,5129.39999999999,4136.66666666666,3350.0,5213.8,5464.14285714285,5483.2,4151.33333333333,3490.0,67430.2,775172.9265162,3145873.99726009
LU,613,HNWu,Hounslow West,Station entry/exit,taps,4207.5,4544.3,4456.0,3686.2,3117.79999999999,4235.83333333333,4461.1,4403.25,3550.8,3168.79999999999,57842.3833333333,664952.04767555,2698566.06784325
LU,614,HPCu,Hyde Park Corner,Station entry/exit,taps,4306.5,4828.5,4737.0,6002.0,3642.33333333333,4475.5,5127.66666666666,5094.0,5843.0,3600.33333333333,67569.1666666666,776770.4777275,3152357.31813342
LU,615,ICKu,Ickenham,Station entry/exit,taps,1322.66666666666,1442.66666666666,1348.66666666666,1083.5,592.25,1362.33333333333,1471.66666666666,1376.0,1068.5,614.5,17511.4166666666,201310.03771225,816973.853656873
LU,616,KENu,Kennington,Station entry/exit,taps,6399.85714285714,7580.0,7454.25,7572.2,5055.25,6377.0,7495.375,7407.75,7539.6,5119.5,98151.5321428571,1128343.24105856,4579140.39643146
LU,617,KGNu,Kensal Green,Station entry/exit,taps,2796.99999999999,3426.625,3081.5,2514.2,1632.49999999999,2827.83333333333,3383.25,2850.0,2325.0,1732.5,40190.1583333333,462023.287079075,1875022.97259387
LU,619,KTNu,Kentish Town,Station entry/exit,taps,8347.4,11243.9999999999,10424.8,9569.0,6355.85714285714,8274.6,11333.8571428571,10115.2,9078.0,6626.0,136524.428571428,1569475.41067157,6369381.22434236
LU,620,KETu,Kenton,Station entry/exit,taps,2826.28571428571,3014.33333333333,2957.0,1913.0,1292.5,2848.57142857142,3017.5,2892.75,1918.4,1344.0,36088.0071428571,414865.240041792,1683642.09632554
LU,621,KEWu,Kew Gardens,Station entry/exit,taps,4852.125,5499.6,5507.33333333333,6458.75,4595.25,4740.625,5288.79999999999,5147.33333333333,6214.5,4548.25,74429.3666666666,855634.8635737,3472411.60828833
LU,622,KILu,Kilburn,Station entry/exit,taps,7754.8,8706.25,8182.99999999999,7904.4,5276.0,7870.8,8652.375,8116.0,7825.2,5309.75,110315.825,1268183.11240807,5146650.68995487
LU,623,KPKu,Kilburn Park,Station entry/exit,taps,3920.99999999999,4384.625,4205.5,3828.66666666666,2582.125,3844.33333333333,4203.375,3983.5,3591.16666666666,2591.625,54311.9166666666,624366.04647775,2533856.43796138
LU,624,KBYu,Kingsbury,Station entry/exit,taps,5593.66666666666,5968.6,5925.2,4026.19999999999,3077.6,5625.66666666666,5956.89999999999,5834.99999999999,4062.4,3049.79999999999,72972.0333333333,838881.4601297,3404421.49349297
LU,625,KXXu,King's Cross St. Pancras,Station entry/exit,taps,101625.444444444,122932.888888888,111496.999999999,122182.571428571,92684.75,97789.7777777778,120286.444444444,112488.0,117508.0,91533.25,1576966.79365079,18128701.4491007,73571468.4323739
LU,626,KNBu,Knightsbridge,Station entry/exit,taps,19305.0,20700.2,21841.0,27075.6666666666,15120.5,18206.7142857142,20093.0999999999,20910.0,23991.3333333333,13362.25,282192.364285714,3244063.94855543,13165341.6574736
LU,627,LGRu,Ladbroke Grove,Station entry/exit,taps,8184.39999999999,9555.66666666666,10076.5999999999,13073.3333333333,7915.83333333333,8055.6,9308.88888888889,9623.4,11883.3333333333,7419.83333333333,132826.0,1526958.531006,6196835.53600715
LU,628,LAMu,Lambeth North,Station entry/exit,taps,3901.25,4326.88888888888,4272.75,4426.5,3158.0,3681.5,4104.77777777777,4084.25,3791.0,2770.25,55380.4999999999,636650.406745499,2583709.89416111
LU,629,LANu,Lancaster Gate,Station entry/exit,taps,3850.0,4326.75,4573.99999999999,4936.66666666667,4510.0,3803.5,4172.875,4699.33333333333,4921.66666666666,4068.25,60862.2916666666,699668.705501875,2839456.21943619
LU,630,LATu,Latimer Road,Station entry/exit,taps,3455.66666666666,3980.33333333333,3324.25,2516.75,1895.5,3382.16666666666,3813.5,3104.75,2260.5,1773.5,45094.5833333333,518404.21847375,2103832.95801601
LU,631,LSQu,Leicester Square,Station entry/exit,taps,33273.6666666666,43010.2857142857,46089.25,53833.5,35622.8571428571,29925.1666666666,37657.8571428571,41341.0,50597.5,31871.5714285714,564558.94047619,6490130.62514739,26338810.9595516
LU,632,LEYu,Leyton,Station entry/exit,taps,12836.3069733441,14047.0310934147,13521.0542047107,12161.4070564617,8573.70673343053,13212.5774858801,14557.4648512912,13647.8588316748,11798.6509590846,8561.39618014932,180126.446258854,2070721.19746699,8403580.34685641
LU,633,LYSu,Leytonstone,Station entry/exit,taps,10232.125,11223.6,10996.0,9445.5,6430.14285714285,10385.0,11436.1999999999,11154.5999999999,9478.0,6493.42857142856,142594.196428571,1639253.0431433,6652558.86390432
LU,634,LSTu,Liverpool Street LU,Station entry/exit,taps,86175.0,112712.272727272,87230.6666666666,80008.25,49357.0,88868.6666666666,113664.727272727,87437.6666666666,79111.75,50413.0,1287733.0,14803689.714423,60077617.4490619
LU,635,LONu,London Bridge LU,Station entry/exit,taps,76519.0,98340.3636363636,87294.0,98450.5,58976.3999999999,72938.2857142856,94744.0909090909,83340.5,91595.5,56123.6,1204491.14935064,13846747.1430457,56194070.1150542
LU,636,LTNu,Loughton,Station entry/exit,taps,4012.5,4783.4,4135.0,3772.57142857142,2082.59999999999,4194.0,4959.4,4414.4,3847.42857142857,2122.59999999999,57809.5,664574.0231445,2697031.93590716
LU,637,MDVu,Maida Vale,Station entry/exit,taps,4157.71428571428,4771.88888888888,4269.19999999999,3781.8,2671.59999999999,4077.71428571428,4625.22222222222,3994.0,3547.4,2616.0,57306.7619047619,658794.580690571,2673577.30131848
LU,638,MNRu,Manor House,Station entry/exit,taps,7997.0,8989.14285714285,8969.5,8119.49999999999,5583.8,8120.66666666666,9162.42857142857,8808.16666666666,7792.66666666666,5894.59999999999,115740.614285714,1330546.11572618,5399737.63845189
LU,639,MANu,Mansion House,Station entry/exit,taps,7004.2,8872.75,5565.25,3564.99999999999,2496.59999999999,7703.6,9893.5,6391.0,4162.33333333333,2717.6,95904.3333333333,1102509.598601,4474300.06818751
LU,640,MARu,Marble Arch,Station entry/exit,taps,11858.5,13567.0,13287.75,14972.75,10526.5,11575.1666666666,13312.1666666666,12862.75,14367.75,9515.75,179604.416666666,2064719.98129525,8379225.69093276
LU,641,MYBu,Marylebone LU,Station entry/exit,taps,11471.4,14540.1428571428,11978.0,11700.0,8435.0,11957.6,15346.5714285714,12767.6666666666,11993.75,8637.8,178601.359523809,2053188.9055919,8332429.27948091
LU,642,MLEu,Mile End,Station entry/exit,taps,17156.4285714285,18602.3636363636,18501.0,14458.1666666666,10281.25,17165.1428571428,18067.2727272727,17834.0,14288.0,10591.875,230284.772186147,2647337.85140266,10743656.0589374
LU,643,MHEu,Mill Hill East,Station entry/exit,taps,2412.76010516034,2987.35864524281,2538.02717779816,2020.19406358201,1302.30975640226,2633.68241859435,2816.33000872627,2361.49709761014,1853.35847116122,1400.42487063422,33933.31992285,390095.104434009,1583117.78381202
LU,645,MGTu,Moorgate,Station entry/exit,taps,43687.0,57029.2,35119.8333333333,16557.25,10325.4,47518.0,62101.5,39318.8333333333,19951.0,12036.4,581905.816666666,6689549.11689865,27148108.3773452
LU,646,MPKu,Moor Park,Station entry/exit,taps,1449.5,1558.83333333333,1480.0,720.75,402.25,1421.25,1538.16666666666,1377.0,726.0,414.5,17282.25,198675.55352475,806282.36145152
LU,647,MORu,Morden,Station entry/exit,taps,12773.9999999999,14546.4545454545,13195.3999999999,12259.75,8436.66666666666,12161.8571428571,13974.4545454545,12862.4,12249.5,8360.83333333333,177863.134415584,2044702.32068528,8297988.28461378
LU,648,MCRu,Mornington Crescent,Station entry/exit,taps,3462.19999999999,5032.44444444444,4724.0,5728.0,2571.33333333333,3116.2,4680.99999999999,4444.5,3579.0,1884.66666666666,58650.2333333333,674239.0355339,2736255.32738403
LU,649,NEAu,Neasden,Station entry/exit,taps,4398.33333333333,4568.9,4469.66666666666,3141.33333333333,2285.66666666666,4060.83333333333,4192.39999999999,4051.66666666666,2900.66666666666,2138.33333333333,53730.3999999999,617680.971002399,2506726.48490414
LU,650,NEPu,Newbury Park,Station entry/exit,taps,5110.8,5549.16666666666,5099.5,4028.25,2602.5,4692.6,5113.66666666666,4653.0,3868.75,2539.25,64583.1499999999,742443.43616265,3013048.34104226
LU,653,NACu,North Acton,Station entry/exit,taps,9298.6,9880.88888888889,10049.0,7338.75,5233.25,9240.79999999999,9710.99999999999,10031.9999999999,7557.25,5508.5,123033.816666666,1414388.26706665,5739993.12823234
LU,654,NELu,North Ealing,Station entry/exit,taps,890.285714285714,929.714285714285,942.666666666666,525.666666666666,460.333333333333,883.142857142856,921.142857142856,921.333333333333,462.666666666666,454.666666666666,11093.3333333333,127528.194559999,517545.979046065
LU,655,NFDu,Northfields,Station entry/exit,taps,3551.6,4038.4,3806.59999999999,2708.33333333333,2149.0,3601.8,4088.59999999999,3748.99999999999,2512.0,2153.79999999999,48613.1333333333,558853.2264938,2267986.6303032
LU,656,NHRu,North Harrow,Station entry/exit,taps,2494.33333333333,2777.75,2410.0,1753.0,1167.0,2383.66666666666,2685.25,2277.0,1650.4,1173.4,31697.8,364395.7216518,1478822.31982629
LU,657,NHTu,Northolt,Station entry/exit,taps,6662.59224810546,7195.51860315782,6700.40106151479,5565.97026941403,4003.53657250414,6593.47857006031,6752.32656181739,6257.27101509836,5335.56995685365,3879.47777552193,86841.8329639983,998327.71966765,4051500.13192674
LU,659,NWBu,North Wembley,Station entry/exit,taps,2399.8,2526.57142857142,2471.5,1704.4,1265.33333333333,2252.39999999999,2338.85714285714,2223.5,1515.0,1240.66666666666,29668.8857142857,341071.463018314,1384165.79064355
LU,660,NWPu,Northwick Park,Station entry/exit,taps,5442.39999999999,5653.49999999999,5174.75,3089.25,2240.79999999999,5466.59999999999,5669.6,5037.0,2909.75,2220.6,65550.45,753563.45021895,3058176.54646876
LU,661,NWDu,Northwood,Station entry/exit,taps,3503.71428571428,3836.5,3598.25,2551.42857142857,1564.79999999999,3521.85714285714,3808.0,3571.25,2397.71428571428,1565.59999999999,45208.1142857142,519709.362468685,2109129.60656488
LU,662,NWHu,Northwood Hills,Station entry/exit,taps,2411.28571428571,2691.0,2567.0,1789.75,1167.5,2308.85714285714,2606.16666666666,2412.0,1720.75,1152.5,31421.1428571428,361215.290226857,1465915.21719467
LU,663,NHGu,Notting Hill Gate,Station entry/exit,taps,15861.5,18649.4444444444,17919.9999999999,22754.0,14678.6,17020.3333333333,19791.5555555555,19626.0,28080.25,16647.8,267911.483333333,3079891.92650765,12499084.5197806
LU,664,OAKu,Oakwood,Station entry/exit,taps,3321.33333333333,3731.19999999999,3524.2,3283.4,2291.5,3354.83333333333,3804.6,3645.4,3403.4,2352.16666666666,47783.6333333333,549317.3517293,2229287.31633517
LU,665,OLDu,Old Street,Station entry/exit,taps,22176.5,29155.1818181818,22950.3999999999,20223.2,12675.75,21462.8333333333,28049.1818181818,23526.0,20787.6,11659.25,327074.624242424,3760027.31214183,15259268.9265026
LU,667,OSTu,Osterley,Station entry/exit,taps,2473.8,2740.75,2436.25,2131.0,1419.75,2537.8,2760.25,2409.0,1999.75,1453.75,33364.1,383551.3914771,1556561.52038679
LU,668,OVLu,Oval,Station entry/exit,taps,7346.25,8661.1,8135.0,7108.59999999999,5023.0,7295.5,8623.6,8024.33333333333,7036.19999999999,5098.66666666666,106921.65,1229163.91080615,4988299.58207368
LU,669,OXCu,Oxford Circus,Station entry/exit,taps,68439.4,83595.5,74044.25,79896.5,51389.8,75155.5999999999,95010.875,84004.25,96048.75,57049.6,1121847.275,12896678.865938,52338420.6382243
LU,670,PADu,Paddington TfL,Station entry/exit,taps,83482.471881,100496.230238769,86713.9314776196,86164.8972402805,64917.138692247,80888.3800094319,99879.4804193545,90313.383712818,87024.7062909179,61871.0381683331,1242503.07944701,14283729.6686104,57967470.4976104
LU,671,PRYu,Park Royal,Station entry/exit,taps,2095.59999999999,2212.66666666666,2328.0,1595.99999999999,1250.5,2199.59999999999,2331.33333333333,2539.5,1516.66666666666,1251.5,28409.3666666666,326592.1189537,1325404.46083942
LU,672,PGRu,Parsons Green,Station entry/exit,taps,8316.66666666666,9892.66666666666,9108.0,7398.19999999999,4212.0,8483.66666666666,9752.44444444445,8823.25,7029.2,4388.33333333333,116694.65,1341513.64446915,5444247.01475552
LU,673,PERu,Perivale,Station entry/exit,taps,2619.25,2823.71428571428,2557.75,2138.6,1533.0,2562.75,2812.99999999999,2455.25,2034.99999999999,1526.75,34338.4928571428,394752.944529707,1602020.63443957
LU,674,PICu,Piccadilly Circus,Station entry/exit,taps,33289.5,39769.625,39512.0,45789.1999999999,29654.0,31539.0,36401.875,38395.1999999999,43038.1999999999,25596.5,515328.1,5924176.2799611,24042005.953526
LU,675,PINu,Pinner,Station entry/exit,taps,3878.77798512654,4585.68160091056,3989.35210981712,2960.50526675428,1914.14191912278,3931.48385508814,4513.4680134354,4153.16817878396,2892.76250624555,1955.94791061555,52973.5885745918,608980.719075896,2471418.36800666
LU,676,PLWu,Plaistow,Station entry/exit,taps,7529.71428571428,8273.18181818182,7906.4,6156.25,4641.28571428571,7168.85714285714,7781.90909090909,7276.4,5694.0,4619.0,99157.1798701298,1139904.0979416,4626057.6684495
LU,677,PRDu,Preston Road,Station entry/exit,taps,3907.375,4020.875,3946.16666666666,2885.25,2032.6,3864.375,4040.75,3874.5,2720.0,2093.79999999999,49508.9416666666,569151.377283025,2309779.47894316
LU,678,PUTu,Putney Bridge,Station entry/exit,taps,6468.0,7671.99999999999,6488.5,5898.0,4195.5,7424.4,8657.72727272727,7288.75,6268.0,4543.5,97563.8318181818,1121587.07867742,4551721.95232811
LU,679,QBYu,Queensbury,Station entry/exit,taps,4811.2,5168.71428571428,4773.71428571428,3509.66666666666,2405.5,4781.4,5149.85714285714,4752.57142857142,3473.0,2279.0,61741.7666666666,709779.0894181,2880487.05626806
LU,680,QPKu,Queen's Park,Station entry/exit,taps,7235.66666666666,8437.7,7711.71428571428,6455.4,4555.83333333333,7034.0,8163.19999999999,7278.71428571428,6131.59999999999,4611.16666666666,100816.795238095,1158982.92169827,4703485.00562981
LU,681,QWYu,Queensway,Station entry/exit,taps,7604.59999999999,8341.90909090909,8816.2,9600.0,7561.0,8319.8,9478.0,10174.0,11036.6,8106.75,124678.677272727,1433297.47109854,5816732.09993528
LU,682,RCPu,Ravenscourt Park,Station entry/exit,taps,4262.0,4807.0,4598.19999999999,3346.5,2353.75,4212.5,4721.88888888888,4437.99999999999,3171.83333333333,2293.0,57262.45,658285.17409095,2671509.98327761
LU,683,RAYu,Rayners Lane,Station entry/exit,taps,5325.99999999999,5584.85714285714,5262.79999999999,4039.4,2861.5,5111.39999999999,5485.14285714285,5077.8,3813.79999999999,2867.5,67570.1999999999,776782.356856199,3152405.52704372
LU,684,REDu,Redbridge,Station entry/exit,taps,3168.99999999999,3518.63636363636,3248.25,2838.14285714285,1919.85714285714,2904.33333333333,3236.45454545454,3038.5,2586.85714285714,1797.42857142857,41767.6417748917,480157.927876873,1948618.54460622
LU,685,RPKu,Regent's Park,Station entry/exit,taps,3194.16666666666,3759.42857142857,3362.5,2323.66666666666,1379.0,3595.83333333333,4347.28571428571,3965.5,2803.66666666666,1698.0,46642.4761904762,536198.687954857,2176048.01728961
LU,686,RMDu,Richmond,Station entry/exit,taps,17496.2286693044,20181.1615532614,21069.0706951253,20145.1590344839,13387.8365880264,17337.2939358917,21016.9376847796,20208.4552924452,19725.3624574939,13545.2919450332,266508.996331927,3063769.03271109,12433653.1939175
LU,687,RKYu,Rickmansworth,Station entry/exit,taps,3068.66666666666,3545.5,3124.5,2133.5,1219.16666666666,2995.33333333333,3493.375,3033.5,2072.0,1210.16666666666,39973.4583333333,459532.118831375,1864913.09756449
LU,688,RODu,Roding Valley,Station entry/exit,taps,341.572774829175,409.228343235849,415.848971341663,252.199870158354,129.9690191933,341.84154322746,342.25796378671,318.407668240156,203.680389610389,125.474797527706,4383.45395519588,50391.884210609,204504.714739651
LU,690,ROYu,Royal Oak,Station entry/exit,taps,3283.57142857142,3684.66666666666,3631.66666666666,3113.75,2382.75,3227.14285714285,3650.0,3638.99999999999,3079.75,2443.5,46805.1309523809,538068.555874535,2183636.47744555
LU,691,RUIu,Ruislip,Station entry/exit,taps,2171.5,2325.83333333333,2341.99999999999,1920.5,1105.75,2221.5,2360.49999999999,2371.0,1957.0,1117.25,29265.4999999999,336434.168680499,1365346.32059248
LU,692,RUGu,Ruislip Gardens,Station entry/exit,taps,1318.75,1590.75,1396.25,1147.25,659.599999999999,1186.0,1430.5,1214.75,1011.75,693.0,17691.1,203375.6649141,825356.76110894
LU,693,RUMu,Ruislip Manor,Station entry/exit,taps,2189.0,2419.0,2209.0,1762.99999999999,907.75,2300.5,2490.25,2206.0,1690.39999999999,940.5,28933.9,332622.1179609,1349875.9257621
LU,694,RSQu,Russell Square,Station entry/exit,taps,12694.5,13964.1999999999,14114.0,10861.25,8704.4,13026.0,14213.2,14765.25,10777.75,8196.59999999999,177671.95,2042504.47783545,8289068.80815266
LU,695,SJPu,St James's Park,Station entry/exit,taps,16505.2,18855.4285714285,14757.9999999999,9166.33333333333,6959.5,16957.2,18838.1428571428,15523.5999999999,9785.33333333333,8143.75,210879.63095238,2424257.68673403,9838332.78805194
LU,696,SJWu,St John's Wood,Station entry/exit,taps,9927.42857142856,10699.0909090909,10551.6,7469.6,5350.0,10228.1428571428,10960.2727272727,10861.3999999999,7686.19999999999,5604.75,132657.212337662,1525018.15968611,6188960.95283809
LU,697,STPu,St Paul's,Station entry/exit,taps,13706.3999999999,17338.7777777777,12930.0,9074.0,6238.625,14299.7999999999,17872.1111111111,13186.0,8762.6,5875.875,189705.966666666,2180846.7030883,8850501.22440326
LU,698,SVSu,Seven Sisters,Station entry/exit,taps,17630.7142857142,19535.0,19390.2,18488.0,13251.3333333333,17606.4285714285,19565.7272727272,19339.5999999999,18285.0,12819.1666666666,254112.624675324,2921261.19949643,11855315.5461739
LU,700,SBCu,Shepherd's Bush LU,Station entry/exit,taps,17586.0,21282.0999999999,19934.25,21613.75,14496.3333333333,16863.6666666666,20126.9999999999,19117.5,20956.5,13905.6666666666,268700.966666666,3088967.7724333,12535916.9048188
LU,702,SSQu,Sloane Square,Station entry/exit,taps,19509.0,25544.875,21828.6,23277.3999999999,15095.4285714285,19508.0,25949.0,22022.5999999999,23972.3999999999,15110.4285714285,314805.482142857,3618982.10113601,14686867.0190529
LU,703,SNBu,Snaresbrook,Station entry/exit,taps,2852.63604696929,3195.45389580759,3042.00869528765,2678.60220389019,1643.96986879491,2853.08978816631,3193.08060218978,2960.50085861838,2422.71386760502,1611.04986328879,39230.1746866127,450987.381315246,1830236.10273417
LU,704,SELu,South Ealing,Station entry/exit,taps,3311.66666666666,3683.42857142857,3475.66666666666,2544.75,2040.25,3374.66666666666,3664.57142857142,3507.66666666666,2355.75,2054.5,44708.9166666666,513970.62108475,2085840.14858824
LU,705,SFSu,Southfields,Station entry/exit,taps,7813.19999999999,9138.88888888889,8036.39999999999,6811.25,4327.6,7504.0,8580.0,7286.2,6079.0,4297.19999999999,105311.516666666,1210653.92910535,4913180.76905733
LU,706,SGTu,Southgate,Station entry/exit,taps,5678.42857142857,6256.5,5972.19999999999,5082.99999999999,3326.19999999999,5981.0,6682.5,6360.2,5309.99999999999,3523.59999999999,80051.6285714285,920267.998494771,3734711.40173365
LU,707,SHRu,South Harrow,Station entry/exit,taps,2946.33333333333,3025.25,3200.25,2079.0,1617.79999999999,3021.66666666666,3079.25,3086.25,2049.25,1605.4,37919.45,435919.38075795,1769085.8361002
LU,708,SKNu,South Kensington,Station entry/exit,taps,41117.0545032831,43317.2761927082,45479.7146993548,43888.8366373087,30020.7414181692,43500.3074239022,45485.5484778257,47997.4838818462,46811.5094559405,31391.2218283122,596615.343859719,6858648.8265526,27834363.4842352
LU,709,SKTu,South Kenton,Station entry/exit,taps,1465.19263490839,1634.34927224268,1497.21897802589,1244.02849096555,764.198186636586,1517.60310930432,1496.44611112171,1416.03381671765,1278.04608917553,743.772986261077,19318.4804420882,222083.918187095,901280.217014677
LU,710,SRPu,South Ruislip,Station entry/exit,taps,2337.0,2616.75,2326.33333333333,2096.75,1287.16666666666,2272.4,2584.25,2325.0,2082.5,1341.66666666666,31671.8166666666,364097.01904465,1477610.09900097
LU,711,SWMu,South Wimbledon,Station entry/exit,taps,5577.99999999999,6566.5,5886.8,4995.99999999999,3340.0,5311.49999999999,6210.3,5758.19999999999,5100.0,3368.4,77669.3,892880.9136183,3623566.75874302
LU,712,SWFu,South Woodford,Station entry/exit,taps,5943.83333333333,6803.0,6262.99999999999,5419.19999999999,3336.6,6237.5,7020.0,6481.42857142857,5440.2,3436.8,84027.5619047619,965975.053755371,3920203.73733658
LU,713,STBu,Stamford Brook,Station entry/exit,taps,3346.0,4040.55555555555,3677.0,3028.5,1997.8,3290.5,3893.33333333333,3413.75,2771.5,1953.4,47280.1166666666,543528.95887195,2205796.3584431
LU,714,STAu,Stanmore,Station entry/exit,taps,4882.5,5418.5,4910.5,4651.0,2927.99999999999,4977.75,5445.16666666666,4943.5,4662.19999999999,3108.2,67654.65,777753.18822915,3156345.43911678
LU,715,STGu,Stepney Green,Station entry/exit,taps,8389.57142857143,9000.6,8732.5,5877.99999999999,4090.2,8473.42857142857,8952.0,8444.0,5626.71428571428,4252.59999999999,107744.814285714,1238626.95063638,5026703.31099487
LU,716,STKu,Stockwell,Station entry/exit,taps,10772.9999999999,13151.125,12371.1999999999,11808.8571428571,8073.0,9710.85714285714,11362.125,11111.6,11050.5714285714,7782.6,156221.435714285,1795910.84569236,7288321.14435684
LU,717,SPKu,Stonebridge Park,Station entry/exit,taps,4022.5,4393.55555555555,4212.59999999999,2945.59999999999,1993.0,3936.875,4201.88888888889,3948.99999999999,2656.59999999999,1922.75,51425.2583333333,591181.221457175,2399182.90310893
LU,718,CHXu,Charing Cross LU,Station entry/exit,taps,19061.8333333333,25428.7777777777,21123.0,24169.0,16377.9999999999,19276.9999999999,25555.8888888888,21550.6666666666,24031.0,16769.9999999999,315314.5,3624833.7352995,14710614.6282981
LU,719,SFDu,Stratford,Station entry/exit,taps,78645.5714285714,85863.6999999999,84295.3333333333,89606.3333333333,57718.75,79206.7142857142,86126.7999999999,86774.6666666666,90792.6666666666,57155.75,1140167.28571428,13107284.4450287,53193118.464059
LU,720,SHLu,Sudbury Hill,Station entry/exit,taps,2503.33333333333,2583.5,2500.66666666666,1561.25,1146.99999999999,2601.66666666666,2579.25,2469.33333333333,1391.5,1100.6,30763.6,353656.2229116,1435238.35465578
LU,721,STNu,Sudbury Town,Station entry/exit,taps,2400.0,2468.75,2453.66666666666,1621.5,1163.0,2167.33333333333,2237.75,2188.66666666666,1370.5,1063.25,28547.4166666666,328179.13222825,1331845.01574392
LU,723,SWCu,Swiss Cottage,Station entry/exit,taps,8613.0,9635.22222222222,8909.66666666666,7300.57142857142,4523.25,8659.0,9563.22222222222,8924.33333333333,7212.71428571428,4645.5,116383.369047619,1337935.18011896,5429724.58038727
LU,724,TEMu,Temple,Station entry/exit,taps,13712.2,16520.8333333333,12467.5,7297.19999999999,4544.5,14290.5999999999,17468.8333333333,13746.0,7326.19999999999,4338.0,179691.2,2065717.6365072,8383274.46183554
LU,725,THBu,Theydon Bois,Station entry/exit,taps,1045.33333333333,1303.99999999999,1083.33333333333,1057.5,573.5,1041.0,1264.71428571428,1074.33333333333,1016.25,607.75,15205.1428571428,174797.273130857,709377.453113156
LU,726,TBEu,Tooting Bec,Station entry/exit,taps,9218.0,11389.625,10133.4999999999,9619.5,5909.25,8960.71428571428,10838.25,9430.66666666666,9077.0,6123.5,135155.75595238,1553741.24468141,6305527.46737554
LU,727,TBYu,Tooting Broadway,Station entry/exit,taps,17871.0,20603.3999999999,20171.3999999999,17812.0,10893.1666666666,17821.0,20265.4,19439.0,17236.5999999999,11093.3333333333,254943.9,2930817.4832709,11894097.6857562
LU,728,TCRu,Tottenham Court Road,Station entry/exit,taps,80516.8571428571,101288.75,95438.0,113577.5,62212.3999999999,79180.5714285714,100474.0,95825.75,110512.75,60954.1999999999,1303506.27857142,14985018.2365239,60813500.5831679
LU,729,TTHu,Tottenham Hale LU,Station entry/exit,taps,21181.0,23191.2222222222,23356.75,23474.6666666666,16027.0,20501.8333333333,21970.9999999999,22813.75,21173.3333333333,15632.6,299647.6,3444728.1339156,13979694.4571037
LU,730,TOTu,Totteridge & Whetstone,Station entry/exit,taps,3235.99999999999,3759.33333333333,3289.0,2889.33333333333,1943.83333333333,3179.33333333333,3639.99999999999,3164.75,2734.33333333333,1892.83333333333,44527.4166666666,511884.10960825,2077372.4867616
LU,731,THLu,Tower Hill,Station entry/exit,taps,22954.6,25218.2222222222,24325.8,26493.6666666666,20622.1999999999,23070.0,26128.2222222222,25848.3999999999,27330.4999999999,20370.8,345055.3,3966731.9199843,16098135.492506
LU,733,TPKu,Tufnell Park,Station entry/exit,taps,4730.5,5406.875,5543.33333333333,4957.8,3253.0,4532.66666666666,5223.25,4876.99999999999,4593.79999999999,3249.33333333333,67627.8083333333,777444.618281225,3155093.17379338
LU,734,TGRu,Turnham Green,Station entry/exit,taps,6890.75,8276.0,7797.0,7092.25,5189.0,6914.75,8345.0,8120.4,7057.25,5246.79999999999,104171.2,1197544.9273872,4859980.68140656
LU,735,TPLu,Turnpike Lane,Station entry/exit,taps,11073.6666666666,12470.5714285714,12264.4,10925.5,7624.5,11487.6666666666,12844.7142857142,12405.0,10690.25,7986.0,160402.84047619,1843979.98631829,7483399.4996412
LU,736,UPMu,Upminster,Station entry/exit,taps,7679.4549947378,8432.1727848044,7541.63805910593,6509.09989513663,3667.77401702646,7582.69234983757,9355.35113699993,7529.25878874242,6772.34613869411,3597.78329088246,104242.619299576,1198365.95872719,4863312.66199449
LU,737,UPBu,Upminster Bridge,Station entry/exit,taps,1495.0,1624.99999999999,1432.0,701.5,373.999999999999,1523.33333333333,1618.99999999999,1428.5,624.0,380.799999999999,17691.1333333333,203376.048111799,825358.316235079
LU,738,UPYu,Upney,Station entry/exit,taps,3662.5,3978.125,3874.99999999999,2735.16666666666,1911.59999999999,3324.75,3641.625,3403.99999999999,2371.83333333333,1744.8,45888.9,527535.6280659,2140890.83634438
LU,739,UPKu,Upton Park,Station entry/exit,taps,17548.903435957,19667.4984635727,18184.3387302024,16213.643186727,12665.2407712988,16718.0325885287,18075.5730601589,19012.7673616644,15636.4290667384,12739.3910182008,241947.960730512,2781417.06214868,11287787.9400065
LU,740,UXBu,Uxbridge,Station entry/exit,taps,8470.39999999999,8919.66666666666,8523.39999999999,5892.66666666666,3960.59999999999,8388.99999999999,8728.33333333333,8325.4,5676.99999999999,3886.39999999999,106068.866666666,1219360.3724482,4948514.01249758
LU,741,VICu,Victoria LU,Station entry/exit,taps,83938.5,99119.4999999999,90642.1999999999,93426.7999999999,63463.7142857143,90203.3333333333,105413.333333333,91912.7999999999,94774.1999999999,67464.2857142856,1289424.33333333,14823133.165721,60156524.5493527
LU,742,WALu,Walthamstow Central,Station entry/exit,taps,19689.9999999999,22521.9999999999,20806.4,19457.8333333333,13034.3333333333,19395.2,22087.8,20545.4,19222.5,13075.4999999999,279056.566666666,3208015.0354969,13019044.8321574
LU,743,WANu,Wanstead,Station entry/exit,taps,2774.25,3281.8,2875.0,2705.49999999999,1833.57142857142,2787.5,3308.2,2861.5,2677.66666666666,1883.28571428571,40168.2738095238,461771.704103392,1874001.97674342
LU,745,WSTu,Warren Street,Station entry/exit,taps,22546.1428571428,26692.4444444444,21240.0,12448.1666666666,8494.42857142856,23588.1428571428,28343.4444444444,22632.5,12290.3333333333,8598.85714285714,296946.238095238,3413673.46385242,13853665.701837
LU,746,WARu,Warwick Avenue,Station entry/exit,taps,4481.625,5213.875,4958.75,4217.0,2980.19999999999,4500.5,5109.625,4754.75,4269.75,3202.2,64335.2749999999,739593.882266025,3001484.03429142
LU,747,WLOu,Waterloo LU,Station entry/exit,taps,108434.71339148,149729.852599851,106673.19,94039.9999999999,55974.6666664877,103635.567144648,142056.613632339,101261.44,92971.0,58173.8750004004,1596523.85089958,18353528.0297959,74483879.1602363
LU,748,WATu,Watford,Station entry/exit,taps,3023.14285714285,3223.55555555555,2941.5,1751.0,1074.5,3051.0,3127.0,2933.25,1719.75,1118.75,36664.5595238095,421493.246431107,1710540.44666851
LU,751,WEMu,Wembley Central,Station entry/exit,taps,7566.28571428571,7657.3,7849.4,7156.0,4713.4,8050.71428571428,8308.4,8210.8,7219.25,5036.4,103699.35,1192120.57234485,4837967.0933465
LU,752,WPKu,Wembley Park,Station entry/exit,taps,22855.25,25480.25,27083.375,24908.3999999999,17273.25,22485.0,24733.75,26868.375,24527.6,16630.75,333274.0,3831294.908094,15548493.2650779
LU,753,WACu,West Acton,Station entry/exit,taps,1690.75,1817.5,1796.0,1526.57142857142,1108.75,1707.5,1786.0,1769.0,1577.85714285714,1151.5,23138.4285714285,265997.778305571,1079495.25257699
LU,754,WBPu,Westbourne Park,Station entry/exit,taps,6088.16666666666,6935.55555555555,6662.49999999999,6129.0,3971.0,5763.66666666666,6645.88888888888,6371.16666666666,5588.28571428571,3809.75,85127.869047619,978624.108748464,3971537.22929884
LU,755,WBTu,West Brompton,Station entry/exit,taps,8026.38774338372,8974.27645266351,9457.00903194813,7203.39450838025,4493.47604650234,8232.49220947145,9321.68165047559,9148.75197596782,6961.25787456741,4403.98944939639,112814.633149034,1296909.23847161,5263229.54601922
LU,756,WFYu,West Finchley,Station entry/exit,taps,2196.19999999999,2506.42857142856,2227.5,1700.79999999999,1136.33333333333,2052.79999999999,2357.71428571428,2020.5,1596.0,1121.5,28644.0619047618,329290.159216871,1336353.88182296
LU,757,WHMu,West Ham,Station entry/exit,taps,8596.75,9325.22222222222,8797.5,6684.59999999999,4686.66666666666,8274.75,9032.66666666666,8551.16666666666,6591.39999999999,4534.33333333333,111790.833333333,1285139.7064325,5215465.41038541
LU,758,WHDu,West Hampstead LU,Station entry/exit,taps,12673.7705745303,14432.2389636544,13368.2078127869,12140.8433702358,8071.0166912484,11985.3795938098,13439.051328843,12522.9299649381,11424.9903259122,7797.99877844269,173599.007989396,1995682.21751455,8099050.65065788
LU,759,WHRu,West Harrow,Station entry/exit,taps,1877.93212286606,2043.28550642479,1890.32188777522,1629.49435312675,1106.16786617251,1917.65983648257,2197.4794360965,1902.45445106025,1578.74473575683,1116.29432036447,25741.3644011685,295920.94900169,1200932.05898296
LU,760,WKNu,West Kensington,Station entry/exit,taps,5317.4,6302.625,6256.66666666666,6233.0,4426.5,5068.79999999999,5951.625,5413.66666666666,5662.79999999999,4347.25,79488.8333333333,913798.1432705,3708454.87416431
LU,761,WMSu,Westminster,Station entry/exit,taps,27705.6,29871.875,27259.6666666666,27562.1666666666,20301.0,29572.6,31814.375,28817.9999999999,30148.1666666666,21390.75,397816.7,4573273.3338477,18559654.4605506
LU,762,WRPu,West Ruislip,Station entry/exit,taps,2068.9610066461,2444.51901952312,2108.02444029389,2230.44624313306,1231.12360114314,2178.72801446782,2445.54707344742,2109.5625274105,2328.41709092868,1248.89267308237,30174.3538760172,346882.290128276,1407747.79316518
LU,763,WCLu,Whitechapel,Station entry/exit,taps,29267.5,31039.1,29961.5999999999,22638.4999999999,16465.4999999999,29246.3333333333,30897.9,30005.8,23286.3333333333,16778.1666666666,383460.733333333,4408238.1316094,17889894.2901492
LU,764,WCTu,White City,Station entry/exit,taps,12773.25,14948.3333333333,11735.5,9620.5,6536.16666666666,12541.75,14605.0,11649.8333333333,10027.5,6768.83333333333,170313.333333333,1957910.32838,7945761.49440494
LU,765,WLGu,Willesden Green,Station entry/exit,taps,8343.2857142857,9272.0909090909,9061.28571428572,7637.0,5546.0,8411.14285714285,9226.36363636363,8978.71428571428,7546.4,5681.39999999999,116700.592207792,1341581.95567991,5444524.24123534
LU,766,WJNu,Willesden Junction,Station entry/exit,taps,7360.85714285714,7979.08333333332,7905.33333333333,5589.25,3619.0,7057.42857142857,7741.58333333333,7473.16666666666,5223.75,3708.25,95099.0357142857,1093251.95273796,4436729.8868768
LU,767,WIMu,Wimbledon,Station entry/exit,taps,24304.1963486538,28268.7458485619,25628.1373657116,24668.9549077565,14336.5420364425,26834.2202652357,30443.6764869455,28146.8303884515,26399.9623233631,15745.5748905627,362201.6855327,4163845.58496762,16898079.2624239
LU,768,WMPu,Wimbledon Park,Station entry/exit,taps,2781.75,3177.5,2968.99999999999,2635.5,1545.25,2771.75,3117.66666666666,2847.33333333333,2487.0,1676.5,38599.5833333333,443738.14662875,1800816.62983955
LU,769,WFDu,Woodford,Station entry/exit,taps,6913.99999999999,7907.33333333333,7120.0,6147.33333333333,3850.99999999999,6716.4,7683.33333333333,6873.66666666666,5781.16666666666,3782.85714285714,93958.4238095238,1080139.55698304,4383516.02525166
LU,770,WGNu,Wood Green,Station entry/exit,taps,12202.0,13504.125,13514.6666666666,12372.75,8389.0,11958.625,13321.625,13172.0,12015.5,8083.66666666666,172185.458333333,1979432.14820337,8033103.21009199
LU,771,WSPu,Woodside Park,Station entry/exit,taps,4985.70335005852,5805.83464738445,5677.10484647351,4699.97772201821,3301.01621264429,4793.62866281578,5153.171728181,4702.04668283947,3649.18556723569,2842.3385281806,67528.0206989625,776297.466521844,3150437.70303673
LU,773,HMSu,Hammersmith (H&C),Station entry/exit,taps,15559.3999999999,17537.8333333333,15864.0,14170.75,10099.0,15222.7999999999,17063.6666666666,15550.0,14086.5,9862.0,214218.95,2462646.26809245,9994124.65817038
LU,774,ERBu,Edgware Road (Bak),Station entry/exit,taps,5137.33333333333,5749.44444444444,5678.16666666666,5393.75,3584.0,5598.33333333333,6084.0,6040.0,5681.0,3747.19999999999,76360.1166666666,877830.63235195,3562488.40207227
LU,775,SBMu,Shepherd's Bush Market,Station entry/exit,taps,4883.28571428571,5644.33333333333,5696.75,5830.25,3626.79999999999,4740.0,5448.99999999999,5464.25,5558.25,3542.8,72622.3857142857,834861.935226814,3388109.10893879
LU,776,PIMu,Pimlico,Station entry/exit,taps,11383.8571428571,13780.1111111111,12614.6666666666,9555.33333333333,7421.5,11322.5714285714,13609.3333333333,12356.0,9430.66666666666,7537.0,163789.928571428,1882917.71735207,7641419.97659721
LU,777,VUXu,Vauxhall LU,Station entry/exit,taps,32092.4,38565.0,36434.6666666666,35130.0,24692.4,30103.2,35827.875,33054.0,31848.25,24045.4,470578.941666666,5409743.04345302,21954288.3789065
LU,778,BRXu,Brixton LU,Station entry/exit,taps,26541.6666666666,33602.875,32879.75,34991.3999999999,22921.1666666666,25915.3333333333,32789.625,32730.75,35905.3999999999,23426.1666666666,434489.133333333,4994857.0970498,20270562.2502292
LU,779,HTXu,Hatton Cross,Station entry/exit,taps,4363.85714285714,4605.49999999999,4884.99999999999,3880.5,3156.0,4733.85714285714,4847.39999999999,5029.8,4283.0,3670.25,62360.9642857142,716897.342522035,2909374.96834495
LU,780,HRCu,Heathrow Terminals 123 LU,Station entry/exit,taps,9294.8,8714.5,10252.6666666666,7863.99999999999,9306.75,8193.8,7008.83333333333,8125.0,6415.0,8709.75,115331.766666666,1325846.0317081,5380663.34987491
LU,781,HRFu,Heathrow Terminal 4 LU,Station entry/exit,taps,2421.83333333333,2518.09999999999,2849.59999999999,2187.4,2566.0,2383.16666666666,2288.8,2546.39999999999,1992.99999999999,2283.4,33651.4999999999,386855.322046499,1569969.81795691
LU,783,HRVu,Heathrow Terminal 5 LU,Station entry/exit,taps,6836.83333333333,6008.57142857142,7888.0,5907.25,7000.0,5305.66666666666,4568.57142857142,5973.25,4473.0,5860.33333333333,80975.7619047619,930891.771529571,3777825.71881019
LU,784,SWKu,Southwark,Station entry/exit,taps,13382.1666666666,16209.1999999999,12397.6,9269.25,6339.5,13905.6666666666,17039.8999999999,13100.0,9567.5,6220.75,183929.733333333,2114443.52324839,8581018.08116121
LU,787,BERu,Bermondsey,Station entry/exit,taps,10436.5,11967.25,11999.5714285714,10419.8,7006.16666666666,10307.625,11721.5833333333,11852.5714285714,10743.3999999999,7044.83333333333,150876.967857142,1734471.21197493,7038981.49445252
LU,788,CWRu,Canada Water,Station entry/exit,taps,13466.5714285714,14880.8888888888,15740.1666666666,16974.25,12370.0,13559.4285714285,14940.2222222222,15580.6666666666,17099.25,12439.8333333333,206693.5,2376134.2141485,9643033.93809716
LU,789,NOGu,North Greenwich,Station entry/exit,taps,23614.25,34594.5,36094.5,43556.0,33350.6,24626.75,36545.75,39470.5,46789.6,35950.8,496873.75,5712026.34571125,23181040.6916502
LU,831,NIEu,Nine Elms,Station entry/exit,taps,6115.99999999999,6976.72727272727,6683.75,5296.5,4695.5,5944.4,6670.36363636363,6378.0,4926.75,4519.5,85501.6727272727,982921.330057309,3988976.58549092
LU,832,BPSu,Battersea Power Station,Station entry/exit,taps,11510.1999999999,14376.3333333333,12756.75,17007.6666666666,11217.2,10879.2,13613.3333333333,11841.5,15371.0,10146.7999999999,184699.316666666,2123290.60014715,8616922.05589446
LU,852,CWFu,Canary Wharf LU,Station entry/exit,taps,51116.1666666666,60279.6666666666,47855.8333333333,38266.0,28232.7142857142,52095.6666666666,61909.1111111111,47945.8333333333,38278.75,27377.1428571428,697734.44047619,8021106.98403789,32551951.9931257
LU,884,CNTu,Canning Town,Station entry/exit,taps,17464.5,18791.1999999999,19194.0,19965.1666666666,14970.5,17348.3333333333,18638.6,19824.8571428571,20174.8333333333,14062.1666666666,255293.757142857,2934839.41684504,11910419.8453889
